80.0,369764.0,3.0,4.0,487.0,430.0,481.0,0.0,162.3333333,244.88962465,278.5,2.0,107.5,13.254978100000002,2479.960191,18.93099382,61627.33333,70590.37092,161696.0,3.0,265391.0,132695.5,41012.90042,161696.0,120.0,266126.0,88708.66667,153325.0001,265753.0,3.0,0.0,0,0,0,80.0,84.0,8.113283067,10.81771076,0.0,481.0,114.625,206.8187181,42773.98214,0.0,0.0,0.0,0.0,0.0,0.0,0,0.0,1.0,131.0,162.3333333,107.5,80.0,0,0,0,0,0,0,3.0,487.0,4.0,430.0,12432.75,641.5,2.0,20.0,0.0,0.0,0.0,0.0,0.0,0.0,0.0,0.0,BENIGN
53.0,286.0,2.0,2.0,66.0,98.0,33.0,33.0,33.0,0.0,49.0,49.0,49.0,0.0,244255.3348235,13986.01399,95.33333333,123.0298067,235.0,3.0,3.0,3.0,0.0,3.0,3.0,48.0,48.0,0.0,48.0,10.0,0.0,0,0,0,40.0,40.0,6993.006993,171.48587731150002,33.0,49.0,39.4,8.76356092,76.8,0.0,0.0,0.0,0.0,0.0,0.0,0,0.0,1.0,49.25,33.0,49.0,40.0,0,0,0,0,0,0,2.0,66.0,2.0,98.0,-1.0,-1.0,1.0,20.0,0.0,0.0,0.0,0.0,0.0,0.0,0.0,0.0,BENIGN
53.0,47977.0,1.0,1.0,51.0,109.0,51.0,51.0,51.0,0.0,109.0,109.0,109.0,0.0,3334.931321,41.68664152,47977.0,0.0,47977.0,118.5,0.0,0.0,0.0,0.0,0.0,0.0,0.0,0.0,0.0,0.0,0.0,0,0,0,20.0,32.0,20.84332076,20.84332076,51.0,109.0,70.33333333,33.48631561,1121.333333,0.0,0.0,0.0,0.0,0.0,0.0,0,0.0,1.0,105.5,51.0,109.0,20.0,0,0,0,0,0,0,1.0,51.0,1.0,109.0,-1.0,-1.0,0.0,20.0,0.0,0.0,0.0,0.0,0.0,0.0,0.0,0.0,BENIGN
51548.0,50.0,1.0,1.0,0.0,0.0,0.0,0.0,0.0,0.0,0.0,0.0,0.0,0.0,0.0,23390.398346783622,50.0,0.0,50.0,50.0,0.0,0.0,0.0,0.0,0.0,0.0,0.0,0.0,0.0,0.0,0.0,0,0,0,32.0,32.0,15290.1508563065,171.48587731150002,0.0,0.0,0.0,0.0,0.0,0.0,0.0,0.0,0.0,1.0,1.0,0,0.0,1.0,0.0,0.0,0.0,32.0,0,0,0,0,0,0,1.0,0.0,1.0,0.0,227.0,229.0,0.0,32.0,0.0,0.0,0.0,0.0,0.0,0.0,0.0,0.0,BENIGN
53.0,72386.0,1.0,1.0,57.0,343.0,57.0,57.0,57.0,0.0,278.5,170.0,257.6249999375,0.0,5525.930429,27.62965214,72386.0,0.0,72386.0,118.5,0.0,0.0,0.0,0.0,0.0,0.0,0.0,0.0,0.0,0.0,0.0,0,0,0,32.0,32.0,13.81482607,13.81482607,57.0,343.0,152.3333333,165.122177,27265.33333,0.0,0.0,0.0,0.0,0.0,0.0,0,0.0,1.0,228.5,57.0,257.6249999375,32.0,0,0,0,0,0,0,1.0,57.0,1.0,343.0,-1.0,-1.0,0.0,32.0,0.0,0.0,0.0,0.0,0.0,0.0,0.0,0.0,BENIGN
53.0,877.0,2.0,2.0,72.0,296.0,36.0,36.0,36.0,0.0,148.0,148.0,148.0,0.0,244255.3348235,4561.003421,292.3333333,501.1400337,871.0,3.0,3.0,3.0,0.0,3.0,3.0,3.0,3.0,0.0,3.0,3.0,0.0,0,0,0,40.0,40.0,2280.50171,171.48587731150002,36.0,148.0,80.8,61.34492644,3763.2,0.0,0.0,0.0,0.0,0.0,0.0,0,0.0,1.0,101.0,36.0,148.0,40.0,0,0,0,0,0,0,2.0,72.0,2.0,296.0,-1.0,-1.0,1.0,20.0,0.0,0.0,0.0,0.0,0.0,0.0,0.0,0.0,BENIGN
34332.0,5478301.0,1.0,6.0,6.0,36.0,6.0,6.0,6.0,0.0,6.0,6.0,6.0,0.0,7.666610506,1.277768418,913050.1667,2221599.292,5447838.0,2.0,0.0,0.0,0.0,0.0,0.0,5470863.0,1094172.6,2433791.127,5447838.0,2.0,0.0,0,0,0,20.0,120.0,0.182538345,1.095230072,6.0,6.0,6.0,0.0,0.0,0.0,0.0,0.0,0.0,1.0,1.0,0,0.0,2.5,6.857142857,6.0,6.0,20.0,0,0,0,0,0,0,1.0,6.0,6.0,36.0,229.0,0.0,0.0,20.0,30463.0,0.0,30463.0,30463.0,5447838.0,0.0,5447838.0,5447838.0,BENIGN
58705.0,17468839.375,6.0,9.0,1891.0,62.0,1081.0,0.0,191.5,244.88962465,20.0,0.0,6.888888889,5.30199124,122.284054,0.157190917,2894210.85375,6672809.933207355,15979951.25,0.0,1683996.875,323138.4375,379026.0285625,1238507.5,95.0,15547311.25,3099672.5,6494522.018125,15164926.875,0.0,0.0,0,0,0,132.0,192.0,0.062876367,0.09431455,0.0,3428.5,552.0,1162.939576625,540971.4319375,0.0,0.0,0.0,0.0,1.0,1.0,0,0.0,1.0,578.951923125,191.5,6.888888889,132.0,0,0,0,0,0,0,6.0,1891.0,9.0,62.0,229.0,256.0,4.0,20.0,37331.0,0.0,37331.0,37331.0,15295264.375,0.0,15303455.0,5590953.0,BENIGN
53.0,254.0,2.0,2.0,64.0,258.0,32.0,32.0,32.0,0.0,129.0,129.0,129.0,0.0,244255.3348235,15748.0315,84.66666667,106.828523,205.0,1.0,1.0,1.0,0.0,1.0,1.0,48.0,48.0,0.0,48.0,10.0,0.0,0,0,0,64.0,64.0,7874.015748,171.48587731150002,32.0,129.0,70.8,53.12908808,2822.7,0.0,0.0,0.0,0.0,0.0,0.0,0,0.0,1.0,88.5,32.0,129.0,64.0,0,0,0,0,0,0,2.0,64.0,2.0,258.0,-1.0,-1.0,1.0,32.0,0.0,0.0,0.0,0.0,0.0,0.0,0.0,0.0,BENIGN
51731.0,17468839.375,6.0,9.0,1891.0,62.0,1081.0,0.0,191.5,244.88962465,20.0,0.0,6.888888889,5.30199124,142.0578348,0.182515419,2894210.85375,6672809.933207355,15979951.25,2.0,1683996.875,323138.4375,379026.0285625,1238507.5,120.0,15547311.25,3099672.5,6494522.018125,15164926.875,2.0,0.0,0,0,0,132.0,192.0,0.073006168,0.109509252,0.0,3428.5,552.0,1162.939576625,540971.4319375,0.0,0.0,0.0,0.0,1.0,1.0,0,0.0,1.0,578.951923125,191.5,6.888888889,132.0,0,0,0,0,0,0,6.0,1891.0,9.0,62.0,229.0,256.0,4.0,20.0,50934.375,0.0,51346.25,46123.125,15295264.375,0.0,15303455.0,14800036.875,BENIGN
53.0,95355.0,1.0,1.0,50.0,92.0,50.0,50.0,50.0,0.0,92.0,92.0,92.0,0.0,1489.172041,20.9742541,95355.0,0.0,95355.0,118.5,0.0,0.0,0.0,0.0,0.0,0.0,0.0,0.0,0.0,0.0,0.0,0,0,0,20.0,32.0,10.48712705,10.48712705,50.0,92.0,64.0,24.24871131,588.0,0.0,0.0,0.0,0.0,0.0,0.0,0,0.0,1.0,96.0,50.0,92.0,20.0,0,0,0,0,0,0,1.0,50.0,1.0,92.0,-1.0,-1.0,0.0,20.0,0.0,0.0,0.0,0.0,0.0,0.0,0.0,0.0,BENIGN
59722.0,328713.0,6.0,2.0,1891.0,26.0,1081.0,0.0,191.5,244.88962465,20.0,6.0,13.0,9.899494937,35389.53434,24.33733987,46959.0,123815.5975,327746.0,3.0,328713.0,65742.6,146464.5944,327746.0,5.0,3.0,3.0,0.0,3.0,3.0,0.0,0,0,0,144.0,40.0,18.2530049,6.084334967,0.0,3428.5,552.0,1162.939576625,540971.4319375,0.0,0.0,0.0,0.0,0.0,0.0,0,0.0,0.0,578.951923125,191.5,13.0,144.0,0,0,0,0,0,0,6.0,1891.0,2.0,26.0,8192.0,256.0,4.0,20.0,0.0,0.0,0.0,0.0,0.0,0.0,0.0,0.0,BENIGN
42991.0,6124185.0,1.0,5.0,6.0,30.0,6.0,6.0,6.0,0.0,6.0,6.0,6.0,0.0,5.878333199,0.9797222,1224837.0,2726340.3,6101842.0,4.0,0.0,0.0,0.0,0.0,0.0,6104866.0,1526216.5,3050417.112,6101842.0,4.0,0.0,0,0,0,20.0,100.0,0.163287033,0.816435166,6.0,6.0,6.0,0.0,0.0,0.0,0.0,0.0,0.0,1.0,1.0,0,0.0,2.5,7.0,6.0,6.0,20.0,0,0,0,0,0,0,1.0,6.0,5.0,30.0,229.0,0.0,0.0,20.0,22343.0,0.0,22343.0,22343.0,6101842.0,0.0,6101842.0,6101842.0,BENIGN
51851.0,370708.0,6.0,2.0,1891.0,26.0,1081.0,0.0,191.5,244.88962465,20.0,6.0,13.0,9.899494937,31364.3083,21.58032737,52958.28571,129113.5621,345002.0,75.0,370708.0,74141.6,151808.7309,345002.0,75.0,97.0,97.0,0.0,97.0,10.0,0.0,0,0,0,144.0,40.0,16.18524553,5.395081843,0.0,3428.5,552.0,1162.939576625,540971.4319375,0.0,0.0,0.0,0.0,0.0,0.0,0,0.0,0.0,578.951923125,191.5,13.0,144.0,0,0,0,0,0,0,6.0,1891.0,2.0,26.0,8192.0,256.0,4.0,20.0,0.0,0.0,0.0,0.0,0.0,0.0,0.0,0.0,BENIGN
53.0,23396.0,1.0,1.0,42.0,74.0,42.0,42.0,42.0,0.0,74.0,74.0,74.0,0.0,4958.112498,85.48469824,23396.0,0.0,23396.0,118.5,0.0,0.0,0.0,0.0,0.0,0.0,0.0,0.0,0.0,0.0,0.0,0,0,0,32.0,20.0,42.74234912,42.74234912,42.0,74.0,52.66666667,18.47520861,341.3333333,0.0,0.0,0.0,0.0,0.0,0.0,0,0.0,1.0,79.0,42.0,74.0,32.0,0,0,0,0,0,0,1.0,42.0,1.0,74.0,-1.0,-1.0,0.0,32.0,0.0,0.0,0.0,0.0,0.0,0.0,0.0,0.0,BENIGN
8080.0,103629.0,4.0,3.0,210.0,134.0,198.0,0.0,52.5,97.04122835,128.0,0.0,44.66666667,72.23111056,3319.534107,67.54865916,17271.5,41329.6711,101633.0,19.0,103629.0,34543.0,59182.64574,102880.0,19.0,102233.0,51116.5,71441.11942,101633.0,600.0,0.0,0,0,0,92.0,72.0,38.59923381,28.94942535,0.0,198.0,43.0,76.44232186,5843.428571,0.0,0.0,0.0,1.0,0.0,0.0,0,0.0,0.0,49.14285714,52.5,44.66666667,92.0,0,0,0,0,0,0,4.0,210.0,3.0,134.0,8192.0,237.0,3.0,20.0,0.0,0.0,0.0,0.0,0.0,0.0,0.0,0.0,Bot
8080.0,64593.0,4.0,3.0,207.0,134.0,195.0,0.0,51.75,95.54187564,128.0,0.0,44.66666667,72.23111056,5279.209821,108.3708761,10765.5,25234.98461,62271.0,35.0,64593.0,21531.0,36497.48513,63672.0,50.0,62921.0,31460.5,43572.62696,62271.0,650.0,0.0,0,0,0,92.0,72.0,61.92621491,46.44466119,0.0,195.0,42.625,75.57576615,5711.696429,0.0,0.0,0.0,1.0,0.0,0.0,0,0.0,0.0,48.71428571,51.75,44.66666667,92.0,0,0,0,0,0,0,4.0,207.0,3.0,134.0,8192.0,237.0,3.0,20.0,0.0,0.0,0.0,0.0,0.0,0.0,0.0,0.0,Bot
8080.0,61.0,1.0,1.0,6.0,6.0,6.0,6.0,6.0,0.0,6.0,6.0,6.0,0.0,196721.3115,32786.88525,61.0,0.0,61.0,61.0,0.0,0.0,0.0,0.0,0.0,0.0,0.0,0.0,0.0,0.0,0.0,0,0,0,20.0,20.0,16393.44262,16393.44262,6.0,6.0,6.0,0.0,0.0,0.0,0.0,0.0,0.0,1.0,1.0,0,0.0,1.0,9.0,6.0,6.0,20.0,0,0,0,0,0,0,1.0,6.0,1.0,6.0,237.0,256.0,0.0,20.0,0.0,0.0,0.0,0.0,0.0,0.0,0.0,0.0,Bot
8080.0,163341.0,4.0,3.0,206.0,134.0,194.0,0.0,51.5,95.04209594,128.0,0.0,44.66666667,72.23111056,2081.534948,42.85513129,27223.5,65609.79822,161147.0,75.0,163341.0,54447.0,93727.68785,162674.0,75.0,161800.0,80900.0,113486.3957,161147.0,653.0,0.0,0,0,0,92.0,72.0,24.48864645,18.36648484,0.0,194.0,42.5,75.2880184,5668.285714,0.0,0.0,0.0,1.0,0.0,0.0,0,0.0,0.0,48.57142857,51.5,44.66666667,92.0,0,0,0,0,0,0,4.0,206.0,3.0,134.0,8192.0,237.0,3.0,20.0,0.0,0.0,0.0,0.0,0.0,0.0,0.0,0.0,Bot
8080.0,4.0,1.0,1.0,6.0,6.0,6.0,6.0,6.0,0.0,6.0,6.0,6.0,0.0,681790.9614423075,104155.83258389588,4.0,0.0,4.0,4.0,0.0,0.0,0.0,0.0,0.0,0.0,0.0,0.0,0.0,0.0,0.0,0,0,0,20.0,20.0,52078.80306056725,52078.80306056725,6.0,6.0,6.0,0.0,0.0,0.0,0.0,0.0,0.0,1.0,1.0,0,0.0,1.0,9.0,6.0,6.0,20.0,0,0,0,0,0,0,1.0,6.0,1.0,6.0,237.0,256.0,0.0,20.0,0.0,0.0,0.0,0.0,0.0,0.0,0.0,0.0,Bot
8080.0,92733.0,4.0,3.0,210.0,134.0,198.0,0.0,52.5,97.04122835,128.0,0.0,44.66666667,72.23111056,3709.574801,75.48553374,15455.5,37023.1434,91027.0,41.0,92733.0,30911.0,53000.57897,92110.0,41.0,91597.0,45798.5,63962.75811,91027.0,570.0,0.0,0,0,0,92.0,72.0,43.13459071,32.35094303,0.0,198.0,43.0,76.44232186,5843.428571,0.0,0.0,0.0,1.0,0.0,0.0,0,0.0,0.0,49.14285714,52.5,44.66666667,92.0,0,0,0,0,0,0,4.0,210.0,3.0,134.0,8192.0,237.0,3.0,20.0,0.0,0.0,0.0,0.0,0.0,0.0,0.0,0.0,Bot
8080.0,73267.0,4.0,3.0,508.5,134.0,478.5,0.0,120.375,238.8546891,128.0,0.0,44.66666667,72.23111056,15955.34142,95.5409666,12211.16667,28837.47431,71072.0,49.0,73267.0,24422.33333,41686.6992,72557.0,88.0,71902.0,35951.0,49668.59452,71072.0,830.0,0.0,0,0,0,92.0,72.0,54.59483806,40.94612854,0.0,478.5,97.5625,188.939415375,14279.2410725,0.0,0.0,0.0,1.0,0.0,0.0,0,0.0,0.0,108.285714275,120.375,44.66666667,92.0,0,0,0,0,0,0,4.0,508.5,3.0,134.0,8192.0,245.0,3.0,20.0,0.0,0.0,0.0,0.0,0.0,0.0,0.0,0.0,Bot
8080.0,27.0,1.0,1.0,6.0,6.0,6.0,6.0,6.0,0.0,6.0,6.0,6.0,0.0,444444.4444,74074.07407,27.0,0.0,27.0,27.0,0.0,0.0,0.0,0.0,0.0,0.0,0.0,0.0,0.0,0.0,0.0,0,0,0,20.0,20.0,37037.03704,37037.03704,6.0,6.0,6.0,0.0,0.0,0.0,0.0,0.0,0.0,1.0,1.0,0,0.0,1.0,9.0,6.0,6.0,20.0,0,0,0,0,0,0,1.0,6.0,1.0,6.0,237.0,256.0,0.0,20.0,0.0,0.0,0.0,0.0,0.0,0.0,0.0,0.0,Bot
8080.0,43.0,1.0,1.0,6.0,6.0,6.0,6.0,6.0,0.0,6.0,6.0,6.0,0.0,279069.7674,46511.62791,43.0,0.0,43.0,43.0,0.0,0.0,0.0,0.0,0.0,0.0,0.0,0.0,0.0,0.0,0.0,0,0,0,20.0,20.0,23255.81395,23255.81395,6.0,6.0,6.0,0.0,0.0,0.0,0.0,0.0,0.0,1.0,1.0,0,0.0,1.0,9.0,6.0,6.0,20.0,0,0,0,0,0,0,1.0,6.0,1.0,6.0,237.0,256.0,0.0,20.0,0.0,0.0,0.0,0.0,0.0,0.0,0.0,0.0,Bot
8080.0,77514.0,4.0,3.0,206.0,134.0,194.0,0.0,51.5,95.04209594,128.0,0.0,44.66666667,72.23111056,4386.30441,90.30626725,12919.0,30510.8509,75195.0,40.0,77514.0,25838.0,44009.67498,76654.0,40.0,75852.0,37926.0,52706.32526,75195.0,657.0,0.0,0,0,0,92.0,72.0,51.60358129,38.70268597,0.0,194.0,42.5,75.2880184,5668.285714,0.0,0.0,0.0,1.0,0.0,0.0,0,0.0,0.0,48.57142857,51.5,44.66666667,92.0,0,0,0,0,0,0,4.0,206.0,3.0,134.0,8192.0,237.0,3.0,20.0,0.0,0.0,0.0,0.0,0.0,0.0,0.0,0.0,Bot
8080.0,84.0,1.0,1.0,6.0,6.0,6.0,6.0,6.0,0.0,6.0,6.0,6.0,0.0,142857.1429,23809.52381,84.0,0.0,84.0,84.0,0.0,0.0,0.0,0.0,0.0,0.0,0.0,0.0,0.0,0.0,0.0,0,0,0,20.0,20.0,11904.7619,11904.7619,6.0,6.0,6.0,0.0,0.0,0.0,0.0,0.0,0.0,1.0,1.0,0,0.0,1.0,9.0,6.0,6.0,20.0,0,0,0,0,0,0,1.0,6.0,1.0,6.0,237.0,256.0,0.0,20.0,0.0,0.0,0.0,0.0,0.0,0.0,0.0,0.0,Bot
8080.0,4.0,1.0,1.0,6.0,6.0,6.0,6.0,6.0,0.0,6.0,6.0,6.0,0.0,681790.9614423075,104155.83258389588,4.0,0.0,4.0,4.0,0.0,0.0,0.0,0.0,0.0,0.0,0.0,0.0,0.0,0.0,0.0,0,0,0,20.0,20.0,52078.80306056725,52078.80306056725,6.0,6.0,6.0,0.0,0.0,0.0,0.0,0.0,0.0,1.0,1.0,0,0.0,1.0,9.0,6.0,6.0,20.0,0,0,0,0,0,0,1.0,6.0,1.0,6.0,237.0,284.5,0.0,20.0,0.0,0.0,0.0,0.0,0.0,0.0,0.0,0.0,Bot
8080.0,48.0,1.0,1.0,6.0,6.0,6.0,6.0,6.0,0.0,6.0,6.0,6.0,0.0,250000.0,41666.66667,48.0,0.0,48.0,48.0,0.0,0.0,0.0,0.0,0.0,0.0,0.0,0.0,0.0,0.0,0.0,0,0,0,20.0,20.0,20833.33333,20833.33333,6.0,6.0,6.0,0.0,0.0,0.0,0.0,0.0,0.0,1.0,1.0,0,0.0,1.0,9.0,6.0,6.0,20.0,0,0,0,0,0,0,1.0,6.0,1.0,6.0,1369.0,256.0,0.0,20.0,0.0,0.0,0.0,0.0,0.0,0.0,0.0,0.0,Bot
8080.0,74845.0,4.0,3.0,207.0,134.0,195.0,0.0,51.75,95.54187564,128.0,0.0,44.66666667,72.23111056,4556.082571,93.52662168,12474.16667,29562.61509,72815.0,22.0,74845.0,24948.33333,42672.36647,74221.0,22.0,73422.0,36711.0,51058.76646,72815.0,607.0,0.0,0,0,0,92.0,72.0,53.44378382,40.08283786,0.0,195.0,42.625,75.57576615,5711.696429,0.0,0.0,0.0,1.0,0.0,0.0,0,0.0,0.0,48.71428571,51.75,44.66666667,92.0,0,0,0,0,0,0,4.0,207.0,3.0,134.0,8192.0,237.0,3.0,20.0,0.0,0.0,0.0,0.0,0.0,0.0,0.0,0.0,Bot
8080.0,53.0,1.0,1.0,6.0,6.0,6.0,6.0,6.0,0.0,6.0,6.0,6.0,0.0,226415.0943,37735.84906,53.0,0.0,53.0,53.0,0.0,0.0,0.0,0.0,0.0,0.0,0.0,0.0,0.0,0.0,0.0,0,0,0,20.0,20.0,18867.92453,18867.92453,6.0,6.0,6.0,0.0,0.0,0.0,0.0,0.0,0.0,1.0,1.0,0,0.0,1.0,9.0,6.0,6.0,20.0,0,0,0,0,0,0,1.0,6.0,1.0,6.0,237.0,284.5,0.0,20.0,0.0,0.0,0.0,0.0,0.0,0.0,0.0,0.0,Bot
80.0,7276765.0,4.0,0.0,24.0,0.0,6.0,6.0,6.0,0.0,0.0,0.0,0.0,0.0,3.298168898,0.549694816,2425588.333,4200375.35,7275764.0,52.0,7276765.0,2425588.333,4200375.35,7275764.0,218.0,0.0,0.0,0.0,0.0,0.0,0.0,0,0,0,80.0,0.0,0.549694816,0.0,6.0,6.0,6.0,0.0,0.0,0.0,0.0,0.0,0.0,1.0,0.0,0,0.0,0.0,7.5,6.0,0.0,80.0,0,0,0,0,0,0,4.0,24.0,0.0,0.0,256.0,-1.0,3.0,20.0,1001.0,0.0,1001.0,1001.0,7275764.0,0.0,7275764.0,7275764.0,DDoS
80.0,7476652.0,6.0,0.0,36.0,0.0,6.0,6.0,6.0,0.0,0.0,0.0,0.0,0.0,4.814989383,0.80249823,1495330.4,3342070.045,7473807.0,3.0,7476652.0,1495330.4,3342070.045,7473807.0,3.0,0.0,0.0,0.0,0.0,0.0,0.0,0,0,0,120.0,0.0,0.80249823,0.0,6.0,6.0,6.0,0.0,0.0,0.0,0.0,0.0,0.0,1.0,0.0,0,0.0,0.0,7.0,6.0,0.0,120.0,0,0,0,0,0,0,6.0,36.0,0.0,0.0,256.0,-1.0,5.0,20.0,2545.0,0.0,2545.0,2545.0,7473807.0,0.0,7473807.0,7473807.0,DDoS
80.0,4046425.0,5.0,0.0,30.0,0.0,6.0,6.0,6.0,0.0,0.0,0.0,0.0,0.0,7.413951822,1.235658637,1011606.25,2021667.896,4044108.0,52.0,4046425.0,1011606.25,2021667.896,4044108.0,323.0,0.0,0.0,0.0,0.0,0.0,0.0,0,0,0,100.0,0.0,1.235658637,0.0,6.0,6.0,6.0,0.0,0.0,0.0,0.0,0.0,0.0,1.0,0.0,0,0.0,0.0,7.2,6.0,0.0,100.0,0,0,0,0,0,0,5.0,30.0,0.0,0.0,256.0,-1.0,4.0,20.0,0.0,0.0,0.0,0.0,0.0,0.0,0.0,0.0,DDoS
80.0,22548443.0,8.0,4.0,36.0,11607.0,20.0,0.0,7.0,5.656854249,11595.0,0.0,2901.75,5795.50069,120.2438037,0.123718224,6472045.2689275015,11930723.65325,22142519.75,1.0,23196994.0,6601328.166250001,12272737.2252845,23043191.0,1.0,535171.0,178390.3333,308091.2689,534143.0,4.0,0.0,0,0,0,142.0,92.0,0.082478816,0.041239408,0.0,11595.0,897.6153846,3214.167532,10300000.0,0.0,0.0,0.0,0.0,1.0,0.0,0,0.0,0.0,972.4166667,7.0,2901.75,142.0,0,0,0,0,0,0,8.0,36.0,4.0,11607.0,256.0,229.0,6.0,20.0,2545.0,0.0,2545.0,2545.0,23048075.0,0.0,23048075.0,20069366.25,DDoS
80.0,978211.0,3.0,6.0,26.0,11601.0,20.0,0.0,8.666666667,10.26320288,4380.0,0.0,1933.5,1757.789948,11885.9837,9.200469019,122276.375,342059.6888,968796.0,4.0,9013.0,4506.5,6367.496565,9009.0,4.0,978155.0,195631.0,432230.0229,968796.0,16.0,0.0,0,0,0,72.0,132.0,3.066823006,6.133646013,0.0,4380.0,1162.7,1645.241762,2706820.456,0.0,0.0,0.0,1.0,0.0,0.0,0,0.0,2.0,1291.888889,8.666666667,1933.5,72.0,0,0,0,0,0,0,3.0,26.0,6.0,11601.0,8192.0,229.0,2.0,20.0,0.0,0.0,0.0,0.0,0.0,0.0,0.0,0.0,DDoS
80.0,64465.0,3.0,6.0,26.0,11601.0,20.0,0.0,8.666666667,10.26320288,4380.0,0.0,1933.5,1757.789948,42472.48643967725,31.820296571,8058.125,20012.19401,57254.0,16.0,6867.0,3433.5,4673.268717,6738.0,129.0,64420.0,12884.0,24979.16231,57254.0,16.0,0.0,0,0,0,72.0,132.0,11.93233749425,18.690983223750003,0.0,4380.0,1162.7,1645.241762,2706820.456,0.0,0.0,0.0,1.0,0.0,0.0,0,0.0,2.0,1291.888889,8.666666667,1933.5,72.0,0,0,0,0,0,0,3.0,26.0,6.0,11601.0,8192.0,229.0,2.0,20.0,0.0,0.0,0.0,0.0,0.0,0.0,0.0,0.0,DDoS
80.0,22548443.0,8.0,5.0,36.0,11601.0,20.0,0.0,6.888888889,5.30199124,4380.0,0.0,2320.2,2207.341206,115.0217611,0.138069507,6472045.2689275015,11930723.65325,22142519.75,1.0,23196994.0,6601328.166250001,12272737.2252845,23043191.0,1.0,1310969.0,327742.25,639798.2449,1287300.0,120.0,0.0,0,0,0,142.0,112.0,0.088758969,0.049310538,0.0,4380.0,777.9333333,1632.89937,2666360.352,0.0,0.0,0.0,0.0,1.0,0.0,0,0.0,0.0,833.5,6.888888889,2320.2,142.0,0,0,0,0,0,0,8.0,36.0,5.0,11601.0,256.0,229.0,7.0,20.0,2545.0,0.0,2545.0,2545.0,23048075.0,0.0,23048075.0,20069366.25,DDoS
80.0,807225.0,3.0,5.0,26.0,11601.0,20.0,0.0,8.666666667,10.26320288,7300.0,0.0,2320.2,3022.508098,14403.66688,9.910495834,115317.8571,297976.8166,790952.0,52.0,15831.0,7915.5,10055.76554,15026.0,447.0,807124.0,201781.0,392849.4943,790952.0,120.0,0.0,0,0,0,72.0,112.0,3.716435938,6.194059897,0.0,7300.0,1291.888889,2460.652985,6054813.111,0.0,0.0,0.0,1.0,0.0,0.0,0,0.0,1.0,1453.375,8.666666667,2320.2,72.0,0,0,0,0,0,0,3.0,26.0,5.0,11601.0,8192.0,229.0,2.0,20.0,0.0,0.0,0.0,0.0,0.0,0.0,0.0,0.0,DDoS
80.0,5322883.0,5.0,0.0,30.0,0.0,6.0,6.0,6.0,0.0,0.0,0.0,0.0,0.0,5.636043475,0.939340579,1330720.75,2660782.207,5321894.0,1.0,5322883.0,1330720.75,2660782.207,5321894.0,1.0,0.0,0.0,0.0,0.0,0.0,0.0,0,0,0,100.0,0.0,0.939340579,0.0,6.0,6.0,6.0,0.0,0.0,0.0,0.0,0.0,0.0,1.0,0.0,0,0.0,0.0,7.2,6.0,0.0,100.0,0,0,0,0,0,0,5.0,30.0,0.0,0.0,256.0,-1.0,4.0,20.0,989.0,0.0,989.0,989.0,5321894.0,0.0,5321894.0,5321894.0,DDoS
80.0,22548443.0,8.0,4.0,36.0,11601.0,20.0,0.0,7.0,5.656854249,8760.0,0.0,2900.25,4128.319301,145.2046449,0.149477202,6472045.2689275015,11930723.65325,22142519.75,1.0,23196994.0,6601328.166250001,12272737.2252845,23043191.0,1.0,151991.0,50663.66667,77009.45255,139302.0,120.0,0.0,0,0,0,142.0,92.0,0.099651468,0.049825734,0.0,8760.0,897.1538462,2488.507044,6192667.308,0.0,0.0,0.0,0.0,1.0,0.0,0,0.0,0.0,971.9166667,7.0,2900.25,142.0,0,0,0,0,0,0,8.0,36.0,4.0,11601.0,256.0,229.0,6.0,20.0,993.0,0.0,993.0,993.0,23048075.0,0.0,23048075.0,10200000.0,DDoS
80.0,617477.0,3.0,6.0,26.0,11607.0,20.0,0.0,8.666666667,10.26320288,4380.0,0.0,1934.5,2177.344966,18839.56811,14.57544168,77184.625,217848.9644,616333.0,9.0,845.0,422.5,460.3265146,748.0,97.0,617430.0,123486.0,275510.0514,616333.0,9.0,0.0,0,0,0,72.0,132.0,4.858480559,9.716961118,0.0,4380.0,1163.3,1903.962654,3625073.789,0.0,0.0,0.0,1.0,0.0,0.0,0,0.0,2.0,1292.555556,8.666666667,1934.5,72.0,0,0,0,0,0,0,3.0,26.0,6.0,11607.0,8192.0,229.0,2.0,20.0,0.0,0.0,0.0,0.0,0.0,0.0,0.0,0.0,DDoS
80.0,6080047.0,4.0,0.0,24.0,0.0,6.0,6.0,6.0,0.0,0.0,0.0,0.0,0.0,3.947337907,0.657889651,2026682.333,3509371.98,6078956.0,4.0,6080047.0,2026682.333,3509371.98,6078956.0,4.0,0.0,0.0,0.0,0.0,0.0,0.0,0,0,0,80.0,0.0,0.657889651,0.0,6.0,6.0,6.0,0.0,0.0,0.0,0.0,0.0,0.0,1.0,0.0,0,0.0,0.0,7.5,6.0,0.0,80.0,0,0,0,0,0,0,4.0,24.0,0.0,0.0,256.0,-1.0,3.0,20.0,1091.0,0.0,1091.0,1091.0,6078956.0,0.0,6078956.0,6078956.0,DDoS
80.0,493286.0,3.0,6.0,26.0,11601.0,20.0,0.0,8.666666667,10.26320288,4380.0,0.0,1933.5,1757.789948,23570.50474,18.24499378,61660.75,170433.6548,483407.0,16.0,8902.0,4451.0,5686.552734,8472.0,430.0,492963.0,98592.6,215148.0586,483407.0,16.0,0.0,0,0,0,72.0,132.0,6.081664592,12.16332918,0.0,4380.0,1162.7,1645.241762,2706820.456,0.0,0.0,0.0,1.0,0.0,0.0,0,0.0,2.0,1291.888889,8.666666667,1933.5,72.0,0,0,0,0,0,0,3.0,26.0,6.0,11601.0,8192.0,229.0,2.0,20.0,0.0,0.0,0.0,0.0,0.0,0.0,0.0,0.0,DDoS
80.0,9167672.0,5.0,0.0,30.0,0.0,6.0,6.0,6.0,0.0,0.0,0.0,0.0,0.0,3.272368383,0.545394731,2291918.0,4580489.653,9162652.0,4.0,9167672.0,2291918.0,4580489.653,9162652.0,4.0,0.0,0.0,0.0,0.0,0.0,0.0,0,0,0,100.0,0.0,0.545394731,0.0,6.0,6.0,6.0,0.0,0.0,0.0,0.0,0.0,0.0,1.0,0.0,0,0.0,0.0,7.2,6.0,0.0,100.0,0,0,0,0,0,0,5.0,30.0,0.0,0.0,256.0,-1.0,4.0,20.0,2545.0,0.0,2545.0,2545.0,9162652.0,0.0,9162652.0,9162652.0,DDoS
80.0,6029827.0,4.0,0.0,24.0,0.0,6.0,6.0,6.0,0.0,0.0,0.0,0.0,0.0,3.980213694,0.663368949,2009942.333,3480467.509,6028840.0,1.0,6029827.0,2009942.333,3480467.509,6028840.0,1.0,0.0,0.0,0.0,0.0,0.0,0.0,0,0,0,80.0,0.0,0.663368949,0.0,6.0,6.0,6.0,0.0,0.0,0.0,0.0,0.0,0.0,1.0,0.0,0,0.0,0.0,7.5,6.0,0.0,80.0,0,0,0,0,0,0,4.0,24.0,0.0,0.0,256.0,-1.0,3.0,20.0,987.0,0.0,987.0,987.0,6028840.0,0.0,6028840.0,6028840.0,DDoS
80.0,30512774.5,2.0,0.0,0.0,0.0,0.0,0.0,0.0,0.0,0.0,0.0,0.0,0.0,0.0,0.062299241,22522037.53845,0.0,25524232.5,2006.5,28011321.5,22577015.1429,0.0,25522209.0,22973184.0,0.0,0.0,0.0,0.0,0.0,0.0,0,0,0,64.0,0.0,0.062299241,0.0,0.0,0.0,0.0,0.0,0.0,0.0,0.0,0.0,0.0,1.0,0.0,0,0.0,0.0,0.0,0.0,0.0,64.0,0,0,0,0,0,0,2.0,0.0,0.0,0.0,410.0,-1.0,0.0,32.0,0.0,0.0,0.0,0.0,25524232.5,0.0,25524232.5,25530187.5,DoS GoldenEye
80.0,19162089.0,2.0,0.0,0.0,0.0,0.0,0.0,0.0,0.0,0.0,0.0,0.0,0.0,0.0,0.104372754,19200000.0,0.0,19200000.0,2006.5,19200000.0,19200000.0,0.0,19200000.0,19200000.0,0.0,0.0,0.0,0.0,0.0,0.0,0,0,0,64.0,0.0,0.104372754,0.0,0.0,0.0,0.0,0.0,0.0,0.0,0.0,0.0,0.0,1.0,0.0,0,0.0,0.0,0.0,0.0,0.0,64.0,0,0,0,0,0,0,2.0,0.0,0.0,0.0,410.0,-1.0,0.0,32.0,0.0,0.0,0.0,0.0,19200000.0,0.0,19200000.0,19200000.0,DoS GoldenEye
80.0,30512774.5,2.0,0.0,0.0,0.0,0.0,0.0,0.0,0.0,0.0,0.0,0.0,0.0,0.0,0.049819324,22522037.53845,0.0,25524232.5,2006.5,28011321.5,22577015.1429,0.0,25522209.0,22973184.0,0.0,0.0,0.0,0.0,0.0,0.0,0,0,0,64.0,0.0,0.049819324,0.0,0.0,0.0,0.0,0.0,0.0,0.0,0.0,0.0,0.0,1.0,0.0,0,0.0,0.0,0.0,0.0,0.0,64.0,0,0,0,0,0,0,2.0,0.0,0.0,0.0,410.0,-1.0,0.0,32.0,0.0,0.0,0.0,0.0,25524232.5,0.0,25524232.5,25530187.5,DoS GoldenEye
80.0,8861636.0,8.0,5.0,344.0,11632.0,344.0,0.0,43.0,121.6223664,10184.0,0.0,2326.4,4437.056321,1351.443458,1.466997742,738469.6667,1740991.477,5000454.0,1.0,3861182.0,551597.4286,1458583.153,3859353.0,1.0,8861612.0,2215403.0,2599919.089,5002970.0,196.0,0.0,0,0,0,264.0,168.0,0.902767841,0.564229901,0.0,10184.0,855.4285714,2712.992719,7360329.495,0.0,0.0,0.0,1.0,0.0,0.0,0,0.0,0.0,921.2307692,43.0,2326.4,264.0,0,0,0,0,0,0,8.0,344.0,5.0,11632.0,29200.0,235.0,1.0,32.0,0.0,0.0,0.0,0.0,0.0,0.0,0.0,0.0,DoS GoldenEye
80.0,10501603.0,8.0,6.0,315.0,11632.0,315.0,0.0,39.375,111.369318,5792.0,0.0,1938.666667,2544.918912,1137.635845,1.333129809,807815.6154,1973914.147,5499662.0,47.0,5502291.0,786041.5714,2078860.922,5500455.0,230.0,10500000.0,2100309.4,2880948.015,5499662.0,47.0,0.0,0,0,0,264.0,200.0,0.761788462,0.571341347,0.0,5792.0,796.4666667,1803.121693,3251247.838,0.0,0.0,0.0,1.0,0.0,0.0,0,0.0,0.0,853.3571429,39.375,1938.666667,264.0,0,0,0,0,0,0,8.0,315.0,6.0,11632.0,29200.0,235.0,1.0,32.0,880.0,0.0,880.0,880.0,5499662.0,0.0,5499662.0,5499662.0,DoS GoldenEye
80.0,11723520.0,5.0,4.0,297.0,3525.0,297.0,0.0,59.4,132.8224379,3525.0,0.0,881.25,1762.5,326.0113004,0.76768752,1465440.0,2751287.251,6717763.0,19.0,6719637.0,1679909.25,3359159.182,6718648.0,19.0,11700000.0,3907810.333,3490274.287,6717763.0,480.0,0.0,0,0,0,168.0,136.0,0.426493067,0.341194454,0.0,3525.0,382.2,1108.205035,1228118.4,0.0,0.0,0.0,1.0,0.0,0.0,0,0.0,0.0,424.6666667,59.4,881.25,168.0,0,0,0,0,0,0,5.0,297.0,4.0,3525.0,29200.0,235.0,1.0,32.0,896.0,0.0,896.0,896.0,6717763.0,0.0,6717763.0,6717763.0,DoS GoldenEye
80.0,11392288.0,5.0,4.0,312.0,3525.0,312.0,0.0,62.4,139.5306418,3525.0,0.0,881.25,1762.5,336.8067942,0.790008118,1424036.0,2661607.568,6387034.0,9.0,6390498.0,1597624.5,3194531.002,6389421.0,233.0,11400000.0,3797426.333,3359829.098,6387034.0,480.0,0.0,0,0,0,168.0,136.0,0.438893399,0.351114719,0.0,3525.0,383.7,1108.087045,1227856.9,0.0,0.0,0.0,1.0,0.0,0.0,0,0.0,0.0,426.3333333,62.4,881.25,168.0,0,0,0,0,0,0,5.0,312.0,4.0,3525.0,29200.0,235.0,1.0,32.0,852.0,0.0,852.0,852.0,6387034.0,0.0,6387034.0,6387034.0,DoS GoldenEye
80.0,10563704.0,7.0,4.0,299.0,11632.0,299.0,0.0,42.71428571,113.0113774,11632.0,0.0,2908.0,5816.0,1129.433388,1.041301422,1056370.4,2230220.452,5561401.0,3.0,5564209.0,927368.1667,2270855.736,5562733.0,3.0,10600000.0,3521205.333,3061671.346,5561401.0,480.0,0.0,0,0,0,232.0,136.0,0.66264636,0.378655063,0.0,11632.0,994.25,3351.125025,11029985.5625,0.0,0.0,0.0,1.0,0.0,0.0,0,0.0,0.0,1084.636364,42.71428571,2908.0,232.0,0,0,0,0,0,0,7.0,299.0,4.0,11632.0,29200.0,235.0,1.0,32.0,789.0,0.0,789.0,789.0,5561401.0,0.0,5561401.0,5561401.0,DoS GoldenEye
80.0,30512774.5,2.0,0.0,0.0,0.0,0.0,0.0,0.0,0.0,0.0,0.0,0.0,0.0,0.0,0.020913066,22522037.53845,0.0,25524232.5,2006.5,28011321.5,22577015.1429,0.0,25522209.0,22973184.0,0.0,0.0,0.0,0.0,0.0,0.0,0,0,0,64.0,0.0,0.020913066,0.0,0.0,0.0,0.0,0.0,0.0,0.0,0.0,0.0,0.0,1.0,0.0,0,0.0,0.0,0.0,0.0,0.0,64.0,0,0,0,0,0,0,2.0,0.0,0.0,0.0,410.0,-1.0,0.0,32.0,0.0,0.0,0.0,0.0,25524232.5,0.0,25524232.5,25530187.5,DoS GoldenEye
80.0,10609715.0,5.0,4.0,478.0,3525.0,478.0,0.0,95.6,213.7680986,3525.0,0.0,881.25,1762.5,377.2957144,0.848279148,1326214.375,2460177.679,5605393.0,39.0,5607951.0,1401987.75,2803176.171,5606752.0,193.0,10600000.0,3536557.667,3076645.254,5605393.0,480.0,0.0,0,0,0,168.0,136.0,0.471266193,0.377012955,0.0,3525.0,400.3,1108.13698,1227967.567,0.0,0.0,0.0,1.0,0.0,0.0,0,0.0,0.0,444.7777778,95.6,881.25,168.0,0,0,0,0,0,0,5.0,478.0,4.0,3525.0,29200.0,235.0,1.0,32.0,1045.0,0.0,1045.0,1045.0,5605393.0,0.0,5605393.0,5605393.0,DoS GoldenEye
80.0,30512774.5,2.0,0.0,0.0,0.0,0.0,0.0,0.0,0.0,0.0,0.0,0.0,0.0,0.0,0.024180792,22522037.53845,0.0,25524232.5,2006.5,28011321.5,22577015.1429,0.0,25522209.0,22973184.0,0.0,0.0,0.0,0.0,0.0,0.0,0,0,0,64.0,0.0,0.024180792,0.0,0.0,0.0,0.0,0.0,0.0,0.0,0.0,0.0,0.0,1.0,0.0,0,0.0,0.0,0.0,0.0,0.0,64.0,0,0,0,0,0,0,2.0,0.0,0.0,0.0,410.0,-1.0,0.0,32.0,0.0,0.0,0.0,0.0,25524232.5,0.0,25524232.5,25530187.5,DoS GoldenEye
80.0,11506302.0,8.0,5.0,365.0,11632.0,365.0,0.0,45.625,129.0469876,7288.0,0.0,2326.4,3351.290617,1042.646021,1.129815644,958858.5,2260756.989,6501399.0,1.0,6507707.0,929672.4286,2458825.735,6505765.0,1.0,11500000.0,2876567.25,3376727.076,6501399.0,162.0,0.0,0,0,0,264.0,168.0,0.695271165,0.434544478,0.0,7288.0,856.9285714,2181.000704,4756764.071,0.0,0.0,0.0,1.0,0.0,0.0,0,0.0,0.0,922.8461538,45.625,2326.4,264.0,0,0,0,0,0,0,8.0,365.0,5.0,11632.0,29200.0,235.0,1.0,32.0,1020.0,0.0,1020.0,1020.0,6501399.0,0.0,6501399.0,6501399.0,DoS GoldenEye
80.0,30512774.5,2.0,0.0,0.0,0.0,0.0,0.0,0.0,0.0,0.0,0.0,0.0,0.0,0.0,0.022130219,22522037.53845,0.0,25524232.5,2006.5,28011321.5,22577015.1429,0.0,25522209.0,22973184.0,0.0,0.0,0.0,0.0,0.0,0.0,0,0,0,64.0,0.0,0.022130219,0.0,0.0,0.0,0.0,0.0,0.0,0.0,0.0,0.0,0.0,1.0,0.0,0,0.0,0.0,0.0,0.0,0.0,64.0,0,0,0,0,0,0,2.0,0.0,0.0,0.0,296.0,-1.0,0.0,32.0,0.0,0.0,0.0,0.0,25524232.5,0.0,25524232.5,25530187.5,DoS GoldenEye
80.0,30512774.5,2.0,0.0,0.0,0.0,0.0,0.0,0.0,0.0,0.0,0.0,0.0,0.0,0.0,0.04063984,22522037.53845,0.0,25524232.5,2006.5,28011321.5,22577015.1429,0.0,25522209.0,22973184.0,0.0,0.0,0.0,0.0,0.0,0.0,0,0,0,64.0,0.0,0.04063984,0.0,0.0,0.0,0.0,0.0,0.0,0.0,0.0,0.0,0.0,1.0,0.0,0,0.0,0.0,0.0,0.0,0.0,64.0,0,0,0,0,0,0,2.0,0.0,0.0,0.0,410.0,-1.0,0.0,32.0,0.0,0.0,0.0,0.0,25524232.5,0.0,25524232.5,25530187.5,DoS GoldenEye
80.0,11902332.0,7.0,4.0,505.0,11632.0,505.0,0.0,72.14285714,190.8720589,11632.0,0.0,2908.0,5816.0,1019.716136,0.924188638,1190233.2,2547573.749,6896523.0,1.0,6900762.0,1150127.0,2816333.187,6898943.0,1.0,11900000.0,3967423.333,3562974.908,6896523.0,480.0,0.0,0,0,0,232.0,136.0,0.588120042,0.336068596,0.0,11632.0,1011.416667,3347.765672,11029985.5625,0.0,0.0,0.0,1.0,0.0,0.0,0,0.0,0.0,1103.363636,72.14285714,2908.0,232.0,0,0,0,0,0,0,7.0,505.0,4.0,11632.0,29200.0,235.0,1.0,32.0,922.0,0.0,922.0,922.0,6896523.0,0.0,6896523.0,6896523.0,DoS GoldenEye
80.0,3619.0,3.0,5.0,311.0,11595.0,311.0,0.0,103.6666667,179.5559337,7251.0,0.0,2319.0,3337.608875,351.13509624999995,2210.555402,517.0,939.2426027,2628.0,8.5,2721.0,1360.5,1834.942097,2658.0,11.0,3589.0,897.25,1243.658146,2759.0,120.0,0.0,0,0,0,104.0,168.0,828.9582758,0.1781638224999999,0.0,7251.0,1322.888889,2640.87445,6974217.861,0.0,0.0,0.0,0.0,0.0,0.0,0,0.0,1.0,1488.25,103.6666667,2319.0,104.0,0,0,0,0,0,0,3.0,311.0,5.0,11595.0,685.0,235.0,1.0,32.0,0.0,0.0,0.0,0.0,0.0,0.0,0.0,0.0,DoS Hulk
80.0,0.0,2.0,0.0,0.0,0.0,0.0,0.0,0.0,0.0,0.0,0.0,0.0,0.0,121.1692036,0.162737231,0.0,0.0,0.0,0.0,0.0,0.0,0.0,0.0,0.0,0.0,0.0,0.0,0.0,0.0,0.0,0,0,0,64.0,0.0,0.0,0.0,0.0,0.0,0.0,0.0,0.0,0.0,0.0,0.0,0.0,1.0,0.0,0,0.0,0.0,0.0,0.0,0.0,64.0,0,0,0,0,0,0,2.0,0.0,0.0,0.0,274.0,-1.0,0.0,32.0,0.0,0.0,0.0,0.0,0.0,0.0,0.0,0.0,DoS Hulk
80.0,101037704.0,7.0,6.0,323.0,11595.0,317.0,0.0,46.14285714,119.4577032,5792.0,0.0,1932.5,2181.008184,117.9559662,0.12866484,8419808.667,29100000.0,101000000.0,2.0,101000000.0,16800000.0,41200000.0,101000000.0,2.0,152495.0,30499.0,60965.43458,139092.0,45.0,0.0,0,0,0,220.0,200.0,0.069281068,0.059383772,0.0,5792.0,851.2857143,1667.476741,2780478.681,0.0,0.0,0.0,0.0,1.0,0.0,0,0.0,0.0,916.7692308,46.14285714,1932.5,220.0,0,0,0,0,0,0,7.0,323.0,6.0,11595.0,251.0,235.0,2.0,20.0,2000.0,0.0,2000.0,2000.0,101000000.0,0.0,101000000.0,101000000.0,DoS Hulk
80.0,9.0,4.0,0.0,6.0,0.0,6.0,0.0,1.5,3.0,0.0,0.0,0.0,0.0,351.13509624999995,5218.9999753395,3.0,1.732050808,5.0,2.0,9.0,3.0,1.732050808,5.0,2.0,0.0,0.0,0.0,0.0,0.0,0.0,0,0,0,116.0,0.0,5128.099453025001,0.0,0.0,6.0,1.2,2.683281573,7.2,0.0,0.0,0.0,0.0,1.0,0.0,0,0.0,0.0,1.5,1.5,0.0,116.0,0,0,0,0,0,0,4.0,6.0,0.0,0.0,251.0,-1.0,1.0,20.0,0.0,0.0,0.0,0.0,0.0,0.0,0.0,0.0,DoS Hulk
80.0,144509.0,3.0,5.0,339.0,11595.0,339.0,0.0,113.0,195.7217413,10136.0,0.0,2319.0,4414.366206,351.13509624999995,55.35987378,20644.14286,49807.12595,133222.0,4.0,10995.0,5497.5,7768.982205,10991.0,4.0,144455.0,36113.75,64941.44516,133222.0,51.0,0.0,0,0,0,104.0,168.0,20.75995267,0.1781638224999999,0.0,10136.0,1326.0,3337.771674,8063252.31,0.0,0.0,0.0,0.0,0.0,0.0,0,0.0,1.0,1491.75,113.0,2319.0,104.0,0,0,0,0,0,0,3.0,339.0,5.0,11595.0,685.0,235.0,1.0,32.0,0.0,0.0,0.0,0.0,0.0,0.0,0.0,0.0,DoS Hulk
80.0,99654922.0,5.0,7.0,381.0,11595.0,369.0,0.0,76.2,163.7076663,4344.0,0.0,1656.428571,1760.597234,120.1746964,0.120415527,9059538.364,30000000.0,99500000.0,8.5,99500000.0,24900000.0,49700000.0,99500000.0,10.0,711667.5,147000.0,239695.289825,539902.5,17.0,0.0,0,0,0,144.0,232.0,0.050173136,0.070242391,0.0,4344.0,921.6923077,1497.137735,2241421.397,1.0,0.0,0.0,0.0,0.0,0.0,0,0.0,1.0,998.5,76.2,1656.428571,144.0,0,0,0,0,0,0,5.0,381.0,7.0,11595.0,0.0,235.0,2.0,20.0,5005.0,0.0,5005.0,5005.0,99500000.0,0.0,99500000.0,99500000.0,DoS Hulk
80.0,85866134.0,6.0,7.0,325.0,11595.0,313.0,0.0,54.16666667,126.8359833,5792.0,0.0,1656.428571,2429.118623,138.8207369,0.151398455,7155511.167,24500000.0,84900000.0,2.0,85900000.0,17200000.0,37800000.0,84900000.0,4.0,711667.5,147000.0,239695.289825,539902.5,2.0,0.0,0,0,0,184.0,232.0,0.06987621,0.081522245,0.0,5792.0,851.8571429,1851.170559,3426832.44,1.0,0.0,0.0,0.0,0.0,0.0,0,0.0,1.0,917.3846154,54.16666667,1656.428571,184.0,0,0,0,0,0,0,6.0,325.0,7.0,11595.0,0.0,235.0,2.0,20.0,5005.0,0.0,5005.0,5005.0,84900000.0,0.0,84900000.0,84900000.0,DoS Hulk
80.0,99331696.0,6.0,7.0,351.0,11595.0,333.0,0.0,58.5,134.5091075,4344.0,0.0,1656.428571,1760.597234,120.2637273,0.13087464,8277641.333,28700000.0,99300000.0,1.0,99300000.0,19900000.0,44400000.0,99300000.0,1.0,711667.5,147000.0,239695.289825,539902.5,47.0,0.0,0,0,0,164.0,232.0,0.06040368,0.07047096,0.0,4344.0,853.7142857,1460.030159,2131688.066,1.0,0.0,0.0,0.0,0.0,0.0,0,0.0,1.0,919.3846154,58.5,1656.428571,164.0,0,0,0,0,0,0,6.0,351.0,7.0,11595.0,0.0,235.0,3.0,20.0,5005.0,0.0,5005.0,5005.0,99300000.0,0.0,99300000.0,99300000.0,DoS Hulk
80.0,688.0,3.0,0.0,0.0,0.0,0.0,0.0,0.0,0.0,0.0,0.0,0.0,0.0,0.0,4360.465116,344.0,144.2497834,446.0,8.5,688.0,344.0,144.2497834,446.0,11.0,0.0,0.0,0.0,0.0,0.0,0.0,0,0,0,96.0,0.0,4360.465116,0.0,0.0,0.0,0.0,0.0,0.0,0.0,0.0,0.0,0.0,1.0,0.0,0,0.0,0.0,0.0,0.0,0.0,96.0,0,0,0,0,0,0,3.0,0.0,0.0,0.0,251.0,-1.0,0.0,32.0,0.0,0.0,0.0,0.0,0.0,0.0,0.0,0.0,DoS Hulk
80.0,68960544.0,5.0,7.0,370.0,11595.0,358.0,0.0,74.0,158.7891684,5792.0,0.0,1656.428571,2120.732252,173.5050118,0.174012548,6269140.364,20700000.0,68800000.0,8.5,68800000.0,17200000.0,34400000.0,68800000.0,11.0,711667.5,147000.0,239695.289825,539902.5,48.0,0.0,0,0,0,144.0,232.0,0.072505228,0.10150732,0.0,5792.0,920.8461538,1715.035075,2941345.308,1.0,0.0,0.0,0.0,0.0,0.0,0,0.0,1.0,997.5833333,74.0,1656.428571,144.0,0,0,0,0,0,0,5.0,370.0,7.0,11595.0,0.0,235.0,2.0,20.0,3560.0,0.0,3560.0,3560.0,68800000.0,0.0,68800000.0,68800000.0,DoS Hulk
80.0,1.0,2.0,0.0,0.0,0.0,0.0,0.0,0.0,0.0,0.0,0.0,0.0,0.0,0.0,5218.9999753395,1.0,0.0,1.0,1.0,1.0,1.0,0.0,1.0,1.0,0.0,0.0,0.0,0.0,0.0,0.0,0,0,0,64.0,0.0,5128.099453025001,0.0,0.0,0.0,0.0,0.0,0.0,0.0,0.0,0.0,0.0,1.0,0.0,0,0.0,0.0,0.0,0.0,0.0,64.0,0,0,0,0,0,0,2.0,0.0,0.0,0.0,251.0,-1.0,0.0,32.0,0.0,0.0,0.0,0.0,0.0,0.0,0.0,0.0,DoS Hulk
80.0,98549835.0,5.0,7.0,327.0,11595.0,315.0,0.0,65.4,139.5628891,5792.0,0.0,1656.428571,2119.480114,120.9743274,0.121765805,8959075.909,29700000.0,98500000.0,2.0,98500000.0,24600000.0,49300000.0,98500000.0,3.0,711667.5,147000.0,239695.289825,539902.5,2.0,0.0,0,0,0,144.0,232.0,0.050735752,0.071030053,0.0,5792.0,917.5384615,1715.478535,2942866.603,1.0,0.0,0.0,0.0,0.0,0.0,0,0.0,1.0,994.0,65.4,1656.428571,144.0,0,0,0,0,0,0,5.0,327.0,7.0,11595.0,0.0,235.0,2.0,20.0,5005.0,0.0,5005.0,5005.0,98500000.0,0.0,98500000.0,98500000.0,DoS Hulk
80.0,992.0,2.0,0.0,0.0,0.0,0.0,0.0,0.0,0.0,0.0,0.0,0.0,0.0,0.0,2016.129032,992.0,0.0,992.0,8.5,992.0,992.0,0.0,992.0,11.0,0.0,0.0,0.0,0.0,0.0,0.0,0,0,0,64.0,0.0,2016.129032,0.0,0.0,0.0,0.0,0.0,0.0,0.0,0.0,0.0,0.0,1.0,0.0,0,0.0,0.0,0.0,0.0,0.0,64.0,0,0,0,0,0,0,2.0,0.0,0.0,0.0,274.0,-1.0,0.0,32.0,0.0,0.0,0.0,0.0,0.0,0.0,0.0,0.0,DoS Hulk
80.0,85574122.0,9.0,6.0,360.0,11595.0,354.0,0.0,40.0,117.7667186,7240.0,0.0,1932.5,2695.639126,139.7034491,0.175286636,6112437.286,22800000.0,85400000.0,1.0,85400000.0,10700000.0,30200000.0,85400000.0,1.0,149511.0,29902.2,59130.24851,135127.0,71.0,0.0,0,0,0,284.0,200.0,0.105171982,0.070114655,0.0,7240.0,747.1875,1824.507503,3328827.629,0.0,0.0,0.0,0.0,1.0,0.0,0,0.0,0.0,797.0,40.0,1932.5,284.0,0,0,0,0,0,0,9.0,360.0,6.0,11595.0,251.0,235.0,2.0,20.0,3008.0,0.0,3008.0,3008.0,85400000.0,0.0,85400000.0,85400000.0,DoS Hulk
80.0,99356956.0,7.0,6.0,368.0,11595.0,362.0,0.0,52.57142857,136.4634959,4344.0,0.0,1932.5,1977.812908,120.4042523,0.130841368,8279746.333,28700000.0,99300000.0,0.0,99300000.0,16600000.0,40500000.0,99300000.0,0.0,50701.0,10140.2,17412.45451,40322.0,62.0,0.0,0,0,0,220.0,200.0,0.070453044,0.060388323,0.0,4344.0,854.5,1565.855713,2451904.115,0.0,0.0,0.0,0.0,1.0,0.0,0,0.0,0.0,920.2307692,52.57142857,1932.5,220.0,0,0,0,0,0,0,7.0,368.0,6.0,11595.0,274.0,235.0,2.0,20.0,6.0,0.0,6.0,6.0,99300000.0,0.0,99300000.0,99300000.0,DoS Hulk
80.0,268706.0,1.0,3.0,0.0,0.0,0.0,0.0,0.0,0.0,0.0,0.0,0.0,0.0,71.52832585000002,0.2157467129999999,10500000.0,11450000.0,4350000.0,4.0,0.0,6600000.0,0.0,4350000.0,0.0,24918.75,11622.5,0.0,23227.5,4.0,0.0,0,0,0,32.0,96.0,0.20531592275,0.06967528875,0.0,1300.0,233.75,432.45985675,74808.61110000001,0.0,0.0,0.0,1.0,0.0,0.0,0,0.0,0.0,259.72222225,0.0,0.0,32.0,0,0,0,0,0,0,1.0,0.0,3.0,0.0,29200.0,235.0,0.0,32.0,0.0,0.0,0.0,0.0,0.0,0.0,0.0,0.0,DoS Slowhttptest
80.0,63135525.0,7.0,0.0,0.0,0.0,0.0,0.0,0.0,0.0,0.0,0.0,0.0,0.0,0.0,0.110872603,10500000.0,11900000.0,32100000.0,996236.0,63100000.0,10500000.0,11900000.0,32100000.0,996236.0,0.0,0.0,0.0,0.0,0.0,0.0,0,0,0,280.0,0.0,0.110872603,0.0,0.0,0.0,0.0,0.0,0.0,0.0,0.0,0.0,1.0,0.0,0.0,0,0.0,0.0,0.0,0.0,0.0,280.0,0,0,0,0,0,0,7.0,0.0,0.0,0.0,29200.0,-1.0,0.0,40.0,7008203.0,0.0,7008203.0,7008203.0,18700000.0,12200000.0,32100000.0,8015735.0,DoS Slowhttptest
80.0,63100824.0,7.0,0.0,0.0,0.0,0.0,0.0,0.0,0.0,0.0,0.0,0.0,0.0,0.0,0.110933575,10500000.0,11900000.0,32100000.0,997186.0,63100000.0,10500000.0,11900000.0,32100000.0,997186.0,0.0,0.0,0.0,0.0,0.0,0.0,0,0,0,280.0,0.0,0.110933575,0.0,0.0,0.0,0.0,0.0,0.0,0.0,0.0,0.0,1.0,0.0,0.0,0,0.0,0.0,0.0,0.0,0.0,280.0,0,0,0,0,0,0,7.0,0.0,0.0,0.0,29200.0,-1.0,0.0,40.0,7004923.0,0.0,7004923.0,7004923.0,18700000.0,12200000.0,32100000.0,8016138.0,DoS Slowhttptest
80.0,1.0,1.0,1.0,1325.0,0.0,890.0,0.0,328.125,0.0,0.0,0.0,0.0,0.0,71.52832585000002,0.2157467129999999,10500000.0,11450000.0,4350000.0,1.0,0.0,6600000.0,0.0,4350000.0,0.0,0.0,0.0,0.0,0.0,0.0,0.0,0,0,0,32.0,32.0,0.20531592275,0.06967528875,0.0,1300.0,233.75,432.45985675,74808.61110000001,0.0,0.0,0.0,1.0,0.0,0.0,0,0.0,0.0,259.72222225,328.125,0.0,32.0,0,0,0,0,0,0,1.0,1325.0,1.0,0.0,29200.0,235.0,0.0,32.0,0.0,0.0,0.0,0.0,0.0,0.0,0.0,0.0,DoS Slowhttptest
80.0,63133461.0,7.0,0.0,0.0,0.0,0.0,0.0,0.0,0.0,0.0,0.0,0.0,0.0,0.0,0.110876228,10500000.0,11900000.0,32100000.0,998230.0,63100000.0,10500000.0,11900000.0,32100000.0,998230.0,0.0,0.0,0.0,0.0,0.0,0.0,0,0,0,280.0,0.0,0.110876228,0.0,0.0,0.0,0.0,0.0,0.0,0.0,0.0,0.0,1.0,0.0,0.0,0,0.0,0.0,0.0,0.0,0.0,280.0,0,0,0,0,0,0,7.0,0.0,0.0,0.0,29200.0,-1.0,0.0,40.0,7006178.0,0.0,7006178.0,7006178.0,18700000.0,12200000.0,32100000.0,8015946.0,DoS Slowhttptest
80.0,4.0,1.0,1.0,1325.0,0.0,890.0,0.0,328.125,0.0,0.0,0.0,0.0,0.0,71.52832585000002,0.2157467129999999,10500000.0,11450000.0,4350000.0,4.0,0.0,6600000.0,0.0,4350000.0,0.0,0.0,0.0,0.0,0.0,0.0,0.0,0,0,0,32.0,32.0,0.20531592275,0.06967528875,0.0,1300.0,233.75,432.45985675,74808.61110000001,0.0,0.0,0.0,1.0,0.0,0.0,0,0.0,0.0,259.72222225,328.125,0.0,32.0,0,0,0,0,0,0,1.0,1325.0,1.0,0.0,29200.0,235.0,0.0,32.0,0.0,0.0,0.0,0.0,0.0,0.0,0.0,0.0,DoS Slowhttptest
80.0,63105140.0,7.0,0.0,0.0,0.0,0.0,0.0,0.0,0.0,0.0,0.0,0.0,0.0,0.0,0.110925988,10500000.0,11900000.0,32100000.0,997589.0,63100000.0,10500000.0,11900000.0,32100000.0,997589.0,0.0,0.0,0.0,0.0,0.0,0.0,0,0,0,280.0,0.0,0.110925988,0.0,0.0,0.0,0.0,0.0,0.0,0.0,0.0,0.0,1.0,0.0,0.0,0,0.0,0.0,0.0,0.0,0.0,280.0,0,0,0,0,0,0,7.0,0.0,0.0,0.0,29200.0,-1.0,0.0,40.0,7009557.0,0.0,7009557.0,7009557.0,18700000.0,12200000.0,32100000.0,8015918.0,DoS Slowhttptest
80.0,110834108.0,5.0,3.0,531.0,0.0,520.0,0.0,106.2,231.370266,0.0,0.0,0.0,0.0,4.790943957,0.072179947,10500000.0,12650000.0,48750000.0,52.0,111000000.0,17000000.0,28998346.918175,48750000.0,842.0,24918.75,11622.5,0.0,23227.5,10.0,0.0,0,0,0,168.0,104.0,0.0541450527499999,0.02706748,0.0,520.0,59.0,172.9132731,29899.0,0.0,0.0,0.0,1.0,0.0,0.0,0,0.0,0.0,66.375,106.2,0.0,168.0,0,0,0,0,0,0,5.0,531.0,3.0,0.0,29200.0,235.0,2.0,32.0,5313.0,0.0,5313.0,5313.0,46750000.0,0.0,80250000.0,20040413.75,DoS Slowhttptest
80.0,3267921.0,2.0,0.0,712.0,0.0,356.0,0.0,328.125,0.0,0.0,0.0,0.0,0.0,71.52832585000002,0.2157467129999999,10500000.0,11450000.0,4350000.0,2496252.75,3267921.0,6600000.0,0.0,4350000.0,2496242.5,0.0,0.0,0.0,0.0,0.0,0.0,0,0,0,64.0,0.0,0.20531592275,0.0,0.0,356.0,233.75,0.0,0.0,0.0,0.0,0.0,1.0,0.0,0.0,0,0.0,0.0,259.72222225,328.125,0.0,64.0,0,0,0,0,0,0,2.0,712.0,0.0,0.0,29200.0,-1.0,1.0,32.0,0.0,0.0,0.0,0.0,0.0,0.0,0.0,0.0,DoS Slowhttptest
80.0,63133734.0,7.0,0.0,0.0,0.0,0.0,0.0,0.0,0.0,0.0,0.0,0.0,0.0,0.0,0.110875748,10500000.0,11900000.0,32100000.0,998318.0,63100000.0,10500000.0,11900000.0,32100000.0,998318.0,0.0,0.0,0.0,0.0,0.0,0.0,0,0,0,280.0,0.0,0.110875748,0.0,0.0,0.0,0.0,0.0,0.0,0.0,0.0,0.0,1.0,0.0,0.0,0,0.0,0.0,0.0,0.0,0.0,280.0,0,0,0,0,0,0,7.0,0.0,0.0,0.0,29200.0,-1.0,0.0,40.0,7006274.0,0.0,7006274.0,7006274.0,18700000.0,12200000.0,32100000.0,8015976.0,DoS Slowhttptest
80.0,2842.0,1.0,2.0,356.0,0.0,356.0,0.0,328.125,0.0,0.0,0.0,0.0,0.0,71.52832585000002,0.2157467129999999,10500000.0,11450000.0,4350000.0,63.0,0.0,6600000.0,0.0,4350000.0,0.0,63.0,63.0,0.0,63.0,10.0,0.0,0,0,0,32.0,64.0,0.20531592275,0.06967528875,0.0,1300.0,233.75,432.45985675,74808.61110000001,0.0,0.0,0.0,1.0,0.0,0.0,0,0.0,0.0,259.72222225,328.125,0.0,32.0,0,0,0,0,0,0,1.0,356.0,2.0,0.0,29200.0,235.0,0.0,32.0,0.0,0.0,0.0,0.0,0.0,0.0,0.0,0.0,DoS Slowhttptest
80.0,63117440.0,7.0,0.0,0.0,0.0,0.0,0.0,0.0,0.0,0.0,0.0,0.0,0.0,0.0,0.110904371,10500000.0,11900000.0,32100000.0,997894.0,63100000.0,10500000.0,11900000.0,32100000.0,997894.0,0.0,0.0,0.0,0.0,0.0,0.0,0,0,0,280.0,0.0,0.110904371,0.0,0.0,0.0,0.0,0.0,0.0,0.0,0.0,0.0,1.0,0.0,0.0,0,0.0,0.0,0.0,0.0,0.0,280.0,0,0,0,0,0,0,7.0,0.0,0.0,0.0,29200.0,-1.0,0.0,40.0,7005856.0,0.0,7005856.0,7005856.0,18700000.0,12200000.0,32100000.0,8015908.0,DoS Slowhttptest
80.0,63093926.0,7.0,0.0,0.0,0.0,0.0,0.0,0.0,0.0,0.0,0.0,0.0,0.0,0.0,0.110945703,10500000.0,11900000.0,32000000.0,998301.0,63100000.0,10500000.0,11900000.0,32000000.0,998301.0,0.0,0.0,0.0,0.0,0.0,0.0,0,0,0,280.0,0.0,0.110945703,0.0,0.0,0.0,0.0,0.0,0.0,0.0,0.0,0.0,1.0,0.0,0.0,0,0.0,0.0,0.0,0.0,0.0,280.0,0,0,0,0,0,0,7.0,0.0,0.0,0.0,29200.0,-1.0,0.0,40.0,7014074.0,0.0,7014074.0,7014074.0,18700000.0,12200000.0,32000000.0,8016050.0,DoS Slowhttptest
80.0,109754359.0,4.0,3.0,365.0,0.0,351.0,0.0,91.25,173.292383,0.0,0.0,0.0,0.0,3.325608234,0.063778788,10500000.0,12650000.0,48750000.0,22.0,110000000.0,17000000.0,28998346.918175,48750000.0,758.0,24918.75,11622.5,0.0,23227.5,10.0,0.0,0,0,0,136.0,104.0,0.0541450527499999,0.027333766,0.0,351.0,45.625,123.4873475,15249.125,0.0,0.0,0.0,1.0,0.0,0.0,0,0.0,0.0,52.14285714,91.25,0.0,136.0,0,0,0,0,0,0,4.0,365.0,3.0,0.0,29200.0,235.0,2.0,32.0,5577.0,0.0,5577.0,5577.0,46750000.0,0.0,80250000.0,20040413.75,DoS Slowhttptest
80.0,20999516.0,2.0,1.0,12.0,0.0,12.0,0.0,6.0,8.485281374,0.0,0.0,0.0,0.0,0.571441742,0.142860435,10500000.0,12650000.0,21000000.0,20.0,21000000.0,17000000.0,0.0,21000000.0,2496242.5,0.0,0.0,0.0,0.0,0.0,0.0,0,0,0,64.0,32.0,0.09524029,0.047620145,0.0,12.0,6.0,6.92820323,48.0,0.0,0.0,0.0,1.0,0.0,0.0,0,0.0,0.0,8.0,6.0,0.0,64.0,0,0,0,0,0,0,2.0,12.0,1.0,0.0,29200.0,235.0,0.0,32.0,0.0,0.0,0.0,0.0,0.0,0.0,0.0,0.0,DoS Slowhttptest
80.0,60.0,1.0,1.0,8.0,0.0,8.0,8.0,8.0,0.0,0.0,0.0,0.0,0.0,62.01730110625,2.249795645125,60.0,0.0,60.0,60.0,0.0,0.0,0.0,0.0,0.0,0.0,0.0,0.0,0.0,0.0,1.0,0,0,0,32.0,32.0,2.2935916325,0.07307755625,0.0,8.0,5.333333333,4.618802154,21.33333333,0.0,1.0,0.0,0.0,1.0,0.0,0,0.0,1.0,8.0,8.0,0.0,32.0,0,0,0,0,0,0,1.0,8.0,1.0,0.0,229.0,235.0,0.0,32.0,0.0,0.0,0.0,0.0,0.0,0.0,0.0,0.0,DoS slowloris
80.0,3001505.0,3.0,0.0,0.0,0.0,0.0,0.0,0.0,0.0,0.0,0.0,0.0,0.0,0.0,0.999498585,1500752.5,711306.2884,2003722.0,997783.0,3001505.0,1500752.5,711306.2884,2003722.0,997783.0,0.0,0.0,0.0,0.0,0.0,0.0,0,0,0,120.0,0.0,0.999498585,0.0,0.0,0.0,0.0,0.0,0.0,0.0,0.0,0.0,1.0,0.0,0.0,0,0.0,0.0,0.0,0.0,0.0,120.0,0,0,0,0,0,0,3.0,0.0,0.0,0.0,29200.0,-1.0,0.0,40.0,0.0,0.0,0.0,0.0,0.0,0.0,0.0,0.0,DoS slowloris
80.0,3001444.0,3.0,0.0,0.0,0.0,0.0,0.0,0.0,0.0,0.0,0.0,0.0,0.0,0.0,0.999518898,1500722.0,712008.4454,2004188.0,997256.0,3001444.0,1500722.0,712008.4454,2004188.0,997256.0,0.0,0.0,0.0,0.0,0.0,0.0,0,0,0,120.0,0.0,0.999518898,0.0,0.0,0.0,0.0,0.0,0.0,0.0,0.0,0.0,1.0,0.0,0.0,0,0.0,0.0,0.0,0.0,0.0,120.0,0,0,0,0,0,0,3.0,0.0,0.0,0.0,29200.0,-1.0,0.0,40.0,0.0,0.0,0.0,0.0,0.0,0.0,0.0,0.0,DoS slowloris
80.0,6523.0,1.0,2.0,0.0,15.0,0.0,0.0,0.0,0.0,15.0,0.0,5.0,8.6602540375,62.01730110625,2.249795645125,3261.5,4480.935672,6430.0,93.0,0.0,0.0,0.0,0.0,0.0,93.0,93.0,0.0,93.0,93.0,0.0,0,0,0,32.0,64.0,2.2935916325,0.07307755625,0.0,483.0,120.75,241.5,33324.4853,0.0,0.0,0.0,0.0,1.0,0.0,0,0.0,2.0,161.0,0.0,5.0,32.0,0,0,0,0,0,0,1.0,0.0,2.0,15.0,229.0,235.0,0.0,32.0,0.0,0.0,0.0,0.0,0.0,0.0,0.0,0.0,DoS slowloris
80.0,43.0,1.0,1.0,8.0,0.0,8.0,8.0,8.0,0.0,0.0,0.0,0.0,0.0,62.01730110625,2.249795645125,43.0,0.0,43.0,43.0,0.0,0.0,0.0,0.0,0.0,0.0,0.0,0.0,0.0,0.0,1.0,0,0,0,32.0,32.0,2.2935916325,0.07307755625,0.0,8.0,5.333333333,4.618802154,21.33333333,0.0,1.0,0.0,0.0,1.0,0.0,0,0.0,1.0,8.0,8.0,0.0,32.0,0,0,0,0,0,0,1.0,8.0,1.0,0.0,229.0,235.0,0.0,32.0,0.0,0.0,0.0,0.0,0.0,0.0,0.0,0.0,DoS slowloris
80.0,105004260.0,2.0,2.0,16.0,0.0,8.0,8.0,8.0,0.0,0.0,0.0,0.0,0.0,0.15237477,0.038093693,13800607.734375,33371553.2327375,105000000.0,54.0,105000000.0,21226224.270000003,0.0,105000000.0,2498982.125,105000000.0,105000000.0,0.0,105000000.0,79000000.0,1.0,0,0,0,64.0,64.0,0.019046846,0.019046846,0.0,8.0,4.8,4.38178046,19.2,0.0,1.0,0.0,0.0,1.0,0.0,0,0.0,1.0,6.0,8.0,0.0,64.0,0,0,0,0,0,0,2.0,16.0,2.0,0.0,229.0,235.0,1.0,32.0,66.0,0.0,66.0,66.0,48250000.0,0.0,105000000.0,14900907.5,DoS slowloris
80.0,99999037.0,2.0,2.0,16.0,0.0,8.0,8.0,8.0,0.0,0.0,0.0,0.0,0.0,0.160001541,0.040000385,13800607.734375,33371553.2327375,100000000.0,49.0,100000000.0,21226224.270000003,0.0,100000000.0,2498982.125,100000000.0,100000000.0,0.0,100000000.0,79000000.0,1.0,0,0,0,64.0,64.0,0.020000193,0.020000193,0.0,8.0,4.8,4.38178046,19.2,0.0,1.0,0.0,0.0,1.0,0.0,0,0.0,1.0,6.0,8.0,0.0,64.0,0,0,0,0,0,0,2.0,16.0,2.0,0.0,229.0,235.0,1.0,32.0,70.0,0.0,70.0,70.0,48250000.0,0.0,100000000.0,14900907.5,DoS slowloris
80.0,3001674.0,3.0,0.0,0.0,0.0,0.0,0.0,0.0,0.0,0.0,0.0,0.0,0.0,0.0,0.999442311,1500837.0,711816.1123,2004167.0,997507.0,3001674.0,1500837.0,711816.1123,2004167.0,997507.0,0.0,0.0,0.0,0.0,0.0,0.0,0,0,0,120.0,0.0,0.999442311,0.0,0.0,0.0,0.0,0.0,0.0,0.0,0.0,0.0,1.0,0.0,0.0,0,0.0,0.0,0.0,0.0,0.0,120.0,0,0,0,0,0,0,3.0,0.0,0.0,0.0,29200.0,-1.0,0.0,40.0,0.0,0.0,0.0,0.0,0.0,0.0,0.0,0.0,DoS slowloris
80.0,3000291.0,3.0,0.0,0.0,0.0,0.0,0.0,0.0,0.0,0.0,0.0,0.0,0.0,0.0,0.999903009,1500145.5,712665.3476,2004076.0,996215.0,3000291.0,1500145.5,712665.3476,2004076.0,996215.0,0.0,0.0,0.0,0.0,0.0,0.0,0,0,0,120.0,0.0,0.999903009,0.0,0.0,0.0,0.0,0.0,0.0,0.0,0.0,0.0,1.0,0.0,0.0,0,0.0,0.0,0.0,0.0,0.0,120.0,0,0,0,0,0,0,3.0,0.0,0.0,0.0,29200.0,-1.0,0.0,40.0,0.0,0.0,0.0,0.0,0.0,0.0,0.0,0.0,DoS slowloris
80.0,118012778.0,2.0,2.0,16.0,0.0,8.0,8.0,8.0,0.0,0.0,0.0,0.0,0.0,0.135578539,0.033894635,13800607.734375,33371553.2327375,118000000.0,52.0,118000000.0,21226224.270000003,0.0,118000000.0,2498982.125,118000000.0,118000000.0,0.0,118000000.0,79000000.0,1.0,0,0,0,64.0,64.0,0.016947317,0.016947317,0.0,8.0,4.8,4.38178046,19.2,0.0,1.0,0.0,0.0,1.0,0.0,0,0.0,1.0,6.0,8.0,0.0,64.0,0,0,0,0,0,0,2.0,16.0,2.0,0.0,229.0,235.0,1.0,32.0,68.0,0.0,68.0,68.0,48250000.0,0.0,118000000.0,14900907.5,DoS slowloris
80.0,3003692.0,3.0,0.0,0.0,0.0,0.0,0.0,0.0,0.0,0.0,0.0,0.0,0.0,0.0,0.998770846,1501846.0,710130.3698,2003984.0,999708.0,3003692.0,1501846.0,710130.3698,2003984.0,999708.0,0.0,0.0,0.0,0.0,0.0,0.0,0,0,0,120.0,0.0,0.998770846,0.0,0.0,0.0,0.0,0.0,0.0,0.0,0.0,0.0,1.0,0.0,0.0,0,0.0,0.0,0.0,0.0,0.0,120.0,0,0,0,0,0,0,3.0,0.0,0.0,0.0,29200.0,-1.0,0.0,40.0,0.0,0.0,0.0,0.0,0.0,0.0,0.0,0.0,DoS slowloris
80.0,105665701.0,16.0,3.0,2541.0,6.0,231.0,0.0,158.8125,110.5828309,6.0,0.0,2.0,3.464101615,24.10432123,0.179812369,5870316.722,12500000.0,51300000.0,79.0,106000000.0,7044374.8,13500000.0,51300000.0,358.0,103000000.0,51300000.0,28000000.0,71200000.0,31500000.0,0.0,0,0,0,536.0,100.0,0.151420942,0.028391427,0.0,231.0,127.35,117.5733925,13823.50263,0.0,0.0,0.0,1.0,0.0,0.0,0,0.0,0.0,134.0526316,158.8125,2.0,536.0,0,0,0,0,0,0,16.0,2541.0,3.0,6.0,29200.0,0.0,11.0,32.0,4705510.5,6653804.807,9410461.0,560.0,19300000.0,18800000.0,51300000.0,5836293.0,DoS slowloris
80.0,105677933.0,16.0,3.0,2541.0,6.0,231.0,0.0,158.8125,110.5828309,6.0,0.0,2.0,3.464101615,24.10153121,0.179791556,5870996.278,12500000.0,51300000.0,73.0,106000000.0,7045190.667,13500000.0,51300000.0,321.0,103000000.0,51300000.0,28000000.0,71200000.0,31500000.0,0.0,0,0,0,536.0,100.0,0.151403416,0.02838814,0.0,231.0,127.35,117.5733925,13823.50263,0.0,0.0,0.0,1.0,0.0,0.0,0,0.0,0.0,134.0526316,158.8125,2.0,536.0,0,0,0,0,0,0,16.0,2541.0,3.0,6.0,29200.0,0.0,11.0,32.0,4707796.0,6657051.135,9415042.0,550.0,19300000.0,18800000.0,51300000.0,5864733.0,DoS slowloris
80.0,3003763.0,3.0,0.0,0.0,0.0,0.0,0.0,0.0,0.0,0.0,0.0,0.0,0.0,0.0,0.998747238,1501881.5,710084.4078,2003987.0,999776.0,3003763.0,1501881.5,710084.4078,2003987.0,999776.0,0.0,0.0,0.0,0.0,0.0,0.0,0,0,0,120.0,0.0,0.998747238,0.0,0.0,0.0,0.0,0.0,0.0,0.0,0.0,0.0,1.0,0.0,0.0,0,0.0,0.0,0.0,0.0,0.0,120.0,0,0,0,0,0,0,3.0,0.0,0.0,0.0,29200.0,-1.0,0.0,40.0,0.0,0.0,0.0,0.0,0.0,0.0,0.0,0.0,DoS slowloris
80.0,3003709.0,3.0,0.0,0.0,0.0,0.0,0.0,0.0,0.0,0.0,0.0,0.0,0.0,0.0,0.998765193,1501854.5,710133.9053,2003995.0,999714.0,3003709.0,1501854.5,710133.9053,2003995.0,999714.0,0.0,0.0,0.0,0.0,0.0,0.0,0,0,0,120.0,0.0,0.998765193,0.0,0.0,0.0,0.0,0.0,0.0,0.0,0.0,0.0,1.0,0.0,0.0,0,0.0,0.0,0.0,0.0,0.0,120.0,0,0,0,0,0,0,3.0,0.0,0.0,0.0,29200.0,-1.0,0.0,40.0,0.0,0.0,0.0,0.0,0.0,0.0,0.0,0.0,DoS slowloris
21.0,9182361.0,9.0,15.0,105.0,188.0,23.0,0.0,11.66666667,9.300537619,34.0,0.0,12.53333333,14.54975045,31.90900467,2.613706867,399233.087,1055500.551,3491901.0,3.0,5823285.0,727910.625,1386789.253,3536202.0,217.0,9182242.0,655874.4286,1305416.462,3491901.0,3.0,0.0,0,0,0,296.0,488.0,0.980140075,1.633566792,0.0,34.0,11.72,12.58808961,158.46,0.0,0.0,0.0,1.0,0.0,0.0,0,0.0,1.0,12.20833333,11.66666667,12.53333333,296.0,0,0,0,0,0,0,9.0,105.0,15.0,188.0,29200.0,227.0,6.0,32.0,0.0,0.0,0.0,0.0,0.0,0.0,0.0,0.0,FTP-Patator
21.0,237.0,2.0,1.0,14.0,0.0,14.0,0.0,7.0,9.899494937,0.0,0.0,0.0,0.0,59071.72996,12658.22785,118.5,48.7903679,153.0,84.0,237.0,237.0,0.0,237.0,237.0,0.0,0.0,0.0,0.0,0.0,1.0,0,0,0,64.0,20.0,8438.818565,4219.409283,0.0,14.0,7.0,8.082903769,65.33333333,0.0,1.0,0.0,0.0,1.0,0.0,0,0.0,0.0,9.333333333,7.0,0.0,64.0,0,0,0,0,0,0,2.0,14.0,1.0,0.0,229.0,0.0,0.0,32.0,0.0,0.0,0.0,0.0,0.0,0.0,0.0,0.0,FTP-Patator
21.0,10388034.0,9.0,15.0,112.0,188.0,24.0,0.0,12.44444444,10.17486009,34.0,0.0,12.53333333,14.54975045,28.8793818,2.310350544,451653.6522,1175770.548,3592144.0,3.0,6869467.0,858683.375,1590717.776,3635074.0,222.0,10400000.0,741994.0,1451730.753,3592144.0,3.0,0.0,0,0,0,296.0,488.0,0.866381454,1.44396909,0.0,34.0,12.0,12.81600562,164.25,0.0,0.0,0.0,1.0,0.0,0.0,0,0.0,1.0,12.5,12.44444444,12.53333333,296.0,0,0,0,0,0,0,9.0,112.0,15.0,188.0,29200.0,227.0,6.0,32.0,0.0,0.0,0.0,0.0,0.0,0.0,0.0,0.0,FTP-Patator
21.0,9551530.0,9.0,15.0,106.0,188.0,25.0,0.0,11.77777778,9.523363085,34.0,0.0,12.53333333,14.54975045,30.780409,2.512686449,415283.913,1079618.416,3321497.0,3.0,6187445.0,773430.625,1431857.453,3222891.0,4.0,9551402.0,682243.0,1332813.146,3321497.0,3.0,0.0,0,0,0,296.0,488.0,0.942257418,1.570429031,0.0,34.0,11.76,12.64344362,159.8566667,0.0,0.0,0.0,1.0,0.0,0.0,0,0.0,1.0,12.25,11.77777778,12.53333333,296.0,0,0,0,0,0,0,9.0,106.0,15.0,188.0,29200.0,227.0,6.0,32.0,0.0,0.0,0.0,0.0,0.0,0.0,0.0,0.0,FTP-Patator
21.0,4.0,2.0,0.0,14.0,0.0,14.0,0.0,7.0,9.899494937,0.0,0.0,0.0,0.0,159768.36805893248,34242.573240221,4.0,0.0,4.0,4.0,4.0,4.0,0.0,4.0,4.0,0.0,0.0,0.0,0.0,0.0,1.0,0,0,0,64.0,0.0,22829.54955407237,0.0,0.0,14.0,9.333333333,8.082903769,65.33333333,0.0,1.0,0.0,0.0,1.0,0.0,0,0.0,0.0,14.0,7.0,0.0,64.0,0,0,0,0,0,0,2.0,14.0,0.0,0.0,229.0,-1.0,0.0,32.0,0.0,0.0,0.0,0.0,0.0,0.0,0.0,0.0,FTP-Patator
21.0,11.0,2.0,0.0,14.0,0.0,14.0,0.0,7.0,9.899494937,0.0,0.0,0.0,0.0,159768.36805893248,34242.573240221,11.0,0.0,11.0,11.0,11.0,11.0,0.0,11.0,11.0,0.0,0.0,0.0,0.0,0.0,1.0,0,0,0,64.0,0.0,22829.54955407237,0.0,0.0,14.0,9.333333333,8.082903769,65.33333333,0.0,1.0,0.0,0.0,1.0,0.0,0,0.0,0.0,14.0,7.0,0.0,64.0,0,0,0,0,0,0,2.0,14.0,0.0,0.0,229.0,-1.0,0.0,32.0,0.0,0.0,0.0,0.0,0.0,0.0,0.0,0.0,FTP-Patator
21.0,9015648.0,9.0,15.0,107.0,188.0,25.0,0.0,11.88888889,9.636447017,34.0,0.0,12.53333333,14.54975045,32.72088706,2.662038269,391984.6957,1013095.746,3248257.0,3.0,5725243.0,715655.375,1306121.269,2951584.0,48.0,9015525.0,643966.0714,1249877.409,3248257.0,3.0,0.0,0,0,0,296.0,488.0,0.998264351,1.663773918,0.0,34.0,11.8,12.67214794,160.5833333,0.0,0.0,0.0,1.0,0.0,0.0,0,0.0,1.0,12.29166667,11.88888889,12.53333333,296.0,0,0,0,0,0,0,9.0,107.0,15.0,188.0,29200.0,227.0,6.0,32.0,0.0,0.0,0.0,0.0,0.0,0.0,0.0,0.0,FTP-Patator
21.0,9284406.0,9.0,15.0,114.0,188.0,26.0,0.0,12.66666667,10.52378259,34.0,0.0,12.53333333,14.54975045,32.52765982,2.584979588,403669.8261,1047369.938,3266215.0,3.0,6232636.0,779079.5,1438602.505,3308924.0,212.0,9284287.0,663163.3571,1292720.993,3266215.0,3.0,0.0,0,0,0,296.0,488.0,0.969367346,1.615612243,0.0,34.0,12.08,12.91291343,166.7433333,0.0,0.0,0.0,1.0,0.0,0.0,0,0.0,1.0,12.58333333,12.66666667,12.53333333,296.0,0,0,0,0,0,0,9.0,114.0,15.0,188.0,29200.0,227.0,6.0,32.0,0.0,0.0,0.0,0.0,0.0,0.0,0.0,0.0,FTP-Patator
21.0,252.0,2.0,1.0,14.0,0.0,14.0,0.0,7.0,9.899494937,0.0,0.0,0.0,0.0,55555.55556,11904.7619,126.0,25.45584412,144.0,108.0,252.0,252.0,0.0,252.0,252.0,0.0,0.0,0.0,0.0,0.0,1.0,0,0,0,64.0,20.0,7936.507937,3968.253968,0.0,14.0,7.0,8.082903769,65.33333333,0.0,1.0,0.0,0.0,1.0,0.0,0,0.0,0.0,9.333333333,7.0,0.0,64.0,0,0,0,0,0,0,2.0,14.0,1.0,0.0,229.0,0.0,0.0,32.0,0.0,0.0,0.0,0.0,0.0,0.0,0.0,0.0,FTP-Patator
21.0,229.0,2.0,1.0,14.0,0.0,14.0,0.0,7.0,9.899494937,0.0,0.0,0.0,0.0,61135.37118,13100.43668,114.5,43.13351365,145.0,84.0,229.0,229.0,0.0,229.0,229.0,0.0,0.0,0.0,0.0,0.0,1.0,0,0,0,64.0,20.0,8733.624454,4366.812227,0.0,14.0,7.0,8.082903769,65.33333333,0.0,1.0,0.0,0.0,1.0,0.0,0,0.0,0.0,9.333333333,7.0,0.0,64.0,0,0,0,0,0,0,2.0,14.0,1.0,0.0,229.0,0.0,0.0,32.0,0.0,0.0,0.0,0.0,0.0,0.0,0.0,0.0,FTP-Patator
21.0,10154871.0,9.0,15.0,100.0,188.0,23.0,0.0,11.11111111,8.823894328,34.0,0.0,12.53333333,14.54975045,28.36077386,2.363397822,441516.1304,1149198.911,3512682.0,3.0,6992202.0,874025.25,1617050.474,3555861.0,4.0,10200000.0,725343.2143,1418895.947,3512682.0,3.0,0.0,0,0,0,296.0,488.0,0.886274183,1.477123638,0.0,34.0,11.52,12.47704559,155.6766667,0.0,0.0,0.0,1.0,0.0,0.0,0,0.0,1.0,12.0,11.11111111,12.53333333,296.0,0,0,0,0,0,0,9.0,100.0,15.0,188.0,29200.0,227.0,6.0,32.0,0.0,0.0,0.0,0.0,0.0,0.0,0.0,0.0,FTP-Patator
21.0,9016892.0,9.0,15.0,108.0,188.0,23.0,0.0,12.0,9.656603958,34.0,0.0,12.53333333,14.54975045,32.82727574,2.661671006,392038.7826,1017145.476,3041276.0,3.0,5933817.0,741727.125,1371316.654,3003300.0,221.0,9016826.0,644059.0,1255407.547,3041276.0,3.0,0.0,0,0,0,296.0,488.0,0.998126627,1.663544379,0.0,34.0,11.84,12.67767066,160.7233333,0.0,0.0,0.0,1.0,0.0,0.0,0,0.0,1.0,12.33333333,12.0,12.53333333,296.0,0,0,0,0,0,0,9.0,108.0,15.0,188.0,29200.0,227.0,6.0,32.0,0.0,0.0,0.0,0.0,0.0,0.0,0.0,0.0,FTP-Patator
21.0,247.0,2.0,1.0,14.0,0.0,14.0,0.0,7.0,9.899494937,0.0,0.0,0.0,0.0,56680.16194,12145.74899,123.5,101.1162697,195.0,52.0,247.0,247.0,0.0,247.0,247.0,0.0,0.0,0.0,0.0,0.0,1.0,0,0,0,64.0,20.0,8097.165992,4048.582996,0.0,14.0,7.0,8.082903769,65.33333333,0.0,1.0,0.0,0.0,1.0,0.0,0,0.0,0.0,9.333333333,7.0,0.0,64.0,0,0,0,0,0,0,2.0,14.0,1.0,0.0,229.0,0.0,0.0,32.0,0.0,0.0,0.0,0.0,0.0,0.0,0.0,0.0,FTP-Patator
21.0,8695641.0,9.0,15.0,106.0,188.0,23.0,0.0,11.77777778,9.444281044,34.0,0.0,12.53333333,14.54975045,33.81004345,2.760003547,378071.3478,977501.0199,3092827.0,3.0,6069482.0,758685.25,1390997.792,3136810.0,3.0,8695447.0,621103.3571,1206016.864,3092827.0,3.0,0.0,0,0,0,296.0,488.0,1.03500133,1.725002217,0.0,34.0,11.76,12.62365504,159.3566667,0.0,0.0,0.0,1.0,0.0,0.0,0,0.0,1.0,12.25,11.77777778,12.53333333,296.0,0,0,0,0,0,0,9.0,106.0,15.0,188.0,29200.0,227.0,6.0,32.0,0.0,0.0,0.0,0.0,0.0,0.0,0.0,0.0,FTP-Patator
21.0,8858979.0,9.0,15.0,116.0,188.0,27.0,0.0,12.88888889,10.5624763835,34.0,0.0,12.53333333,14.54975045,34.31546683,2.709115802,385173.0,1002998.141,3269417.0,3.0,6018540.0,752317.5,1399655.83,3311837.0,4.0,8858843.0,632774.5,1238450.09,3269417.0,3.0,0.0,0,0,0,296.0,488.0,1.015918426,1.693197376,0.0,34.0,12.16,12.98935462,168.7233333,0.0,0.0,0.0,1.0,0.0,0.0,0,0.0,1.0,12.66666667,12.88888889,12.53333333,296.0,0,0,0,0,0,0,9.0,116.0,15.0,188.0,29200.0,227.0,6.0,32.0,0.0,0.0,0.0,0.0,0.0,0.0,0.0,0.0,FTP-Patator
444.0,119296592.0,2797.0,2006.0,13712.0,7878088.0,5792.0,0.0,4.902395424,110.2779074,13032.0,0.0,3927.262213,2443.434007,66152.7699,40.26099924,24843.10537,153403.7113,995988.0,-1.0,119000000.0,42666.8784,200137.5173,996943.0,0.0,119000000.0,59480.76708,234233.8969,995988.0,1.0,0.0,0,0,0,89504.0,64192.0,23.44576616,16.81523308,0.0,13032.0,1643.961699,2498.976978,6244885.935,0.0,0.0,0.0,0.0,1.0,0.0,0,0.0,0.0,1644.303977,4.902395424,3927.262213,89504.0,0,0,0,0,0,0,2797.0,13712.0,2006.0,7878088.0,349.0,349.0,120.0,32.0,0.0,0.0,0.0,0.0,0.0,0.0,0.0,0.0,Heartbleed
444.0,119202681.5,2756.5,1891.75,7442.0,7793792.25,5792.0,0.0,5.704254914000001,151.2261839075,13032.0,0.0,3753.860092,2363.881447,66203.97163750001,41.50541348,24116.74829,151885.708225,995832.0,0.0,119000000.0,42239.60964,199236.96652500005,996919.0,0.0,119000000.0,55301.75862,225933.6008,995832.0,2.0,0.0,0,0,0,88208.0,60536.0,23.6802039275,17.63777805,0.0,13032.0,1606.540409,2416.475297,5839352.859,0.0,0.0,0.0,0.0,1.0,0.0,0,0.0,0.0,1608.106238,5.704254914000001,3753.860092,88208.0,0,0,0,0,0,0,2756.5,7442.0,1891.75,7793792.25,349.0,349.0,120.0,32.0,0.0,0.0,0.0,0.0,0.0,0.0,0.0,0.0,Heartbleed
444.0,119993844.0,2633.75,2633.75,771547.75,15802.5,1271.0,6.0,459.6252295,246.7309368,6.0,6.0,6.0,0.0,12103.79003495,63.53659276,15741.02637,23598.93704,841617.0,1.0,120000000.0,31477.9234,26457.84929,861387.0,93.0,120000000.0,31485.6021,25623.9489,842050.0,519.0,0.0,0,0,0,52675.0,52675.0,31.77663014,27.187266767125006,6.0,1271.0,232.8423607,286.1621682,81888.78653,0.0,0.0,0.0,0.0,1.0,0.0,0,0.0,0.0,232.8729014,459.6252295,6.0,52675.0,0,0,0,0,0,0,2633.75,771547.75,2633.75,15802.5,3294.0,3294.0,2632.75,20.0,0.0,0.0,0.0,0.0,0.0,0.0,0.0,0.0,Infiltration
444.0,56538478.0,2.0,1.0,66.0,6.0,60.0,6.0,33.0,38.18376618,6.0,6.0,6.0,0.0,1.273469017,0.053061209,5032089.54261375,21797181.2852,56500000.0,81.625,56500000.0,9912971.88090875,0.0,56500000.0,1140.125,0.0,0.0,0.0,0.0,0.0,0.0,0,0,0,40.0,20.0,0.035374139,0.01768707,6.0,60.0,19.5,27.0,729.0,0.0,0.0,0.0,0.0,1.0,0.0,0,0.0,0.0,26.0,33.0,6.0,40.0,0,0,0,0,0,0,2.0,66.0,1.0,6.0,255.0,0.0,1.0,20.0,0.0,0.0,0.0,0.0,56500000.0,0.0,56500000.0,46815760.375,Infiltration
444.0,99891716.0,15.0,15.0,5065.0,90.0,1460.0,6.0,337.6666667,457.9431759,6.0,6.0,6.0,0.0,51.60588091,0.300325204,3444541.931,18300000.0,98800000.0,3.0,99900000.0,7135098.643,26400000.0,98800000.0,4.0,99900000.0,7135085.857,26400000.0,98800000.0,3.0,1.0,0,0,0,300.0,300.0,0.150162602,0.150162602,6.0,1460.0,168.2258065,354.64026,125769.714,0.0,1.0,0.0,0.0,1.0,0.0,0,0.0,1.0,173.8333333,337.6666667,6.0,300.0,0,0,0,0,0,0,15.0,5065.0,15.0,90.0,255.0,1452.0,14.0,20.0,569902.0,0.0,569902.0,569902.0,75650514.0625,0.0,98800000.0,46815760.375,Infiltration
444.0,79492070.0,41.0,39.0,14666.0,234.0,1460.0,6.0,357.7073171,472.2611695,6.0,6.0,6.0,0.0,187.4400805,1.006389694,1006228.734,6506653.616,55100000.0,1.0,79500000.0,1987290.55,9092648.59,55100000.0,3.0,79500000.0,2091882.921,9323046.481,55100000.0,1.0,1.0,0,0,0,820.0,780.0,0.515774718,0.490614976,6.0,1460.0,184.6419753,377.6637826,142629.9327,0.0,1.0,0.0,0.0,1.0,0.0,0,0.0,0.0,186.95,357.7073171,6.0,820.0,0,0,0,0,0,0,41.0,14666.0,39.0,234.0,255.0,1452.0,40.0,20.0,2774772.5,403686.8446812501,4981781.0,567764.0,36700000.0,26000000.0,55100000.0,18300000.0,Infiltration
444.0,67917167.0,20.0,20.0,3738.0,120.0,705.0,6.0,186.9,227.2302102,6.0,6.0,6.0,0.0,56.8044895,0.588952716,1741465.821,8907306.251,54800000.0,32.0,67900000.0,3574561.158,12700000.0,54800000.0,438.0,67900000.0,3574570.579,12700000.0,54800000.0,530.0,1.0,0,0,0,400.0,400.0,0.294476358,0.294476358,6.0,705.0,94.97560976,181.0974169,32796.27439,0.0,1.0,0.0,0.0,1.0,0.0,0,0.0,1.0,97.35,186.9,6.0,400.0,0,0,0,0,0,0,20.0,3738.0,20.0,120.0,255.0,1452.0,19.0,20.0,566477.5,11731.60861,574773.0,558182.0,33100000.0,30600000.0,54800000.0,11400000.0,Infiltration
444.0,69365637.0,1031.0,1031.0,307939.0,6186.0,1271.0,6.0,298.6799224,270.0715266,6.0,6.0,6.0,0.0,4528.539109,29.72653448,33656.30131,341655.4599,13900000.0,6.0,69300000.0,67329.11748,482164.7132,13900000.0,369.0,69400000.0,67344.6699,481227.4033,13900000.0,462.0,1.0,0,0,0,20620.0,20620.0,14.86326724,14.86326724,6.0,1271.0,152.3121667,240.5221819,57850.91996,0.0,1.0,0.0,0.0,1.0,0.0,0,0.0,1.0,152.386033,298.6799224,6.0,20620.0,0,0,0,0,0,0,1031.0,307939.0,1031.0,6186.0,255.0,3977.0,1030.0,20.0,8695143.4375,0.0,12645781.875,2089692.5,13900000.0,0.0,13900000.0,13900000.0,Infiltration
444.0,69714525.0,20.0,20.0,3737.0,120.0,705.0,6.0,186.85,227.1610315,6.0,6.0,6.0,0.0,55.32562977,0.573768522,1787551.923,8993025.335,55000000.0,33.0,69700000.0,3669160.421,12800000.0,55000000.0,417.0,69700000.0,3669169.263,12800000.0,55000000.0,530.0,1.0,0,0,0,400.0,400.0,0.286884261,0.286884261,6.0,705.0,94.95121951,181.0434963,32776.74756,0.0,1.0,0.0,0.0,1.0,0.0,0,0.0,1.0,97.325,186.85,6.0,400.0,0,0,0,0,0,0,20.0,3737.0,20.0,120.0,255.0,1063.0,19.0,20.0,557579.0,11.3137085,557587.0,557571.0,34000000.0,29700000.0,55000000.0,13000000.0,Infiltration
8021.0,29.0,1.0,1.0,2.0,6.0,2.0,2.0,2.0,0.0,6.0,6.0,6.0,0.0,275862.069,68965.51724,29.0,0.0,29.0,29.0,0.0,0.0,0.0,0.0,0.0,0.0,0.0,0.0,0.0,0.0,0.0,0,0,0,24.0,20.0,34482.75862,34482.75862,2.0,6.0,3.333333333,2.309401077,5.333333333,0.0,0.0,0.0,1.0,0.0,0.0,0,0.0,1.0,5.0,2.0,6.0,24.0,0,0,0,0,0,0,1.0,2.0,1.0,6.0,1024.0,0.0,0.0,24.0,0.0,0.0,0.0,0.0,0.0,0.0,0.0,0.0,PortScan
19041.5,41.0,1.0,1.0,0.0,6.0,0.0,0.0,0.0,0.0,6.0,6.0,6.0,0.0,146341.4634,48780.4878,41.0,0.0,41.0,41.0,0.0,0.0,0.0,0.0,0.0,0.0,0.0,0.0,0.0,0.0,0.0,0,0,0,40.0,20.0,24390.2439,24390.2439,0.0,6.0,2.0,3.464101615,12.0,0.0,0.0,0.0,1.0,0.0,0.0,0,0.0,1.0,3.0,0.0,6.0,40.0,0,0,0,0,0,0,1.0,0.0,1.0,6.0,29200.0,0.0,0.0,40.0,0.0,0.0,0.0,0.0,0.0,0.0,0.0,0.0,PortScan
6112.0,43.0,1.0,1.0,0.0,6.0,0.0,0.0,0.0,0.0,6.0,6.0,6.0,0.0,139534.8837,46511.62791,43.0,0.0,43.0,43.0,0.0,0.0,0.0,0.0,0.0,0.0,0.0,0.0,0.0,0.0,0.0,0,0,0,40.0,20.0,23255.81395,23255.81395,0.0,6.0,2.0,3.464101615,12.0,0.0,0.0,0.0,1.0,0.0,0.0,0,0.0,1.0,3.0,0.0,6.0,40.0,0,0,0,0,0,0,1.0,0.0,1.0,6.0,29200.0,0.0,0.0,40.0,0.0,0.0,0.0,0.0,0.0,0.0,0.0,0.0,PortScan
4567.0,14.0,1.0,1.0,0.0,6.0,0.0,0.0,0.0,0.0,6.0,6.0,6.0,0.0,298449.61235,69867.29117499999,14.0,0.0,14.0,14.0,0.0,0.0,0.0,0.0,0.0,0.0,0.0,0.0,0.0,0.0,0.0,0,0,0,40.0,20.0,34933.645594999995,34933.645594999995,0.0,6.0,2.0,3.464101615,12.0,0.0,0.0,0.0,1.0,0.0,0.0,0,0.0,1.0,3.0,0.0,6.0,40.0,0,0,0,0,0,0,1.0,0.0,1.0,6.0,29200.0,0.0,0.0,40.0,0.0,0.0,0.0,0.0,0.0,0.0,0.0,0.0,PortScan
1935.0,84.0,1.0,1.0,0.0,6.0,0.0,0.0,0.0,0.0,6.0,6.0,6.0,0.0,71428.57143,23809.52381,84.0,0.0,84.0,84.0,0.0,0.0,0.0,0.0,0.0,0.0,0.0,0.0,0.0,0.0,0.0,0,0,0,40.0,20.0,11904.7619,11904.7619,0.0,6.0,2.0,3.464101615,12.0,0.0,0.0,0.0,1.0,0.0,0.0,0,0.0,1.0,3.0,0.0,6.0,40.0,0,0,0,0,0,0,1.0,0.0,1.0,6.0,29200.0,0.0,0.0,40.0,0.0,0.0,0.0,0.0,0.0,0.0,0.0,0.0,PortScan
2126.0,30.0,1.0,1.0,2.0,6.0,2.0,2.0,2.0,0.0,6.0,6.0,6.0,0.0,266666.6667,66666.66667,30.0,0.0,30.0,30.0,0.0,0.0,0.0,0.0,0.0,0.0,0.0,0.0,0.0,0.0,0.0,0,0,0,24.0,20.0,33333.33333,33333.33333,2.0,6.0,3.333333333,2.309401077,5.333333333,0.0,0.0,0.0,1.0,0.0,0.0,0,0.0,1.0,5.0,2.0,6.0,24.0,0,0,0,0,0,0,1.0,2.0,1.0,6.0,1024.0,0.0,0.0,24.0,0.0,0.0,0.0,0.0,0.0,0.0,0.0,0.0,PortScan
19041.5,43.0,1.0,1.0,0.0,6.0,0.0,0.0,0.0,0.0,6.0,6.0,6.0,0.0,139534.8837,46511.62791,43.0,0.0,43.0,43.0,0.0,0.0,0.0,0.0,0.0,0.0,0.0,0.0,0.0,0.0,0.0,0,0,0,40.0,20.0,23255.81395,23255.81395,0.0,6.0,2.0,3.464101615,12.0,0.0,0.0,0.0,1.0,0.0,0.0,0,0.0,1.0,3.0,0.0,6.0,40.0,0,0,0,0,0,0,1.0,0.0,1.0,6.0,29200.0,0.0,0.0,40.0,0.0,0.0,0.0,0.0,0.0,0.0,0.0,0.0,PortScan
4002.0,23.0,1.0,1.0,0.0,6.0,0.0,0.0,0.0,0.0,6.0,6.0,6.0,0.0,260869.5652,69867.29117499999,23.0,0.0,23.0,23.0,0.0,0.0,0.0,0.0,0.0,0.0,0.0,0.0,0.0,0.0,0.0,0,0,0,40.0,20.0,34933.645594999995,34933.645594999995,0.0,6.0,2.0,3.464101615,12.0,0.0,0.0,0.0,1.0,0.0,0.0,0,0.0,1.0,3.0,0.0,6.0,40.0,0,0,0,0,0,0,1.0,0.0,1.0,6.0,29200.0,0.0,0.0,40.0,0.0,0.0,0.0,0.0,0.0,0.0,0.0,0.0,PortScan
8292.0,56.0,1.0,1.0,0.0,6.0,0.0,0.0,0.0,0.0,6.0,6.0,6.0,0.0,107142.8571,35714.28571,56.0,0.0,56.0,56.0,0.0,0.0,0.0,0.0,0.0,0.0,0.0,0.0,0.0,0.0,0.0,0,0,0,40.0,20.0,17857.14286,17857.14286,0.0,6.0,2.0,3.464101615,12.0,0.0,0.0,0.0,1.0,0.0,0.0,0,0.0,1.0,3.0,0.0,6.0,40.0,0,0,0,0,0,0,1.0,0.0,1.0,6.0,29200.0,0.0,0.0,40.0,0.0,0.0,0.0,0.0,0.0,0.0,0.0,0.0,PortScan
9535.0,44.0,1.0,1.0,2.0,6.0,2.0,2.0,2.0,0.0,6.0,6.0,6.0,0.0,181818.1818,45454.54545,44.0,0.0,44.0,44.0,0.0,0.0,0.0,0.0,0.0,0.0,0.0,0.0,0.0,0.0,0.0,0,0,0,24.0,20.0,22727.27273,22727.27273,2.0,6.0,3.333333333,2.309401077,5.333333333,0.0,0.0,0.0,1.0,0.0,0.0,0,0.0,1.0,5.0,2.0,6.0,24.0,0,0,0,0,0,0,1.0,2.0,1.0,6.0,1024.0,0.0,0.0,24.0,0.0,0.0,0.0,0.0,0.0,0.0,0.0,0.0,PortScan
6004.0,41.0,1.0,1.0,2.0,6.0,2.0,2.0,2.0,0.0,6.0,6.0,6.0,0.0,195121.9512,48780.4878,41.0,0.0,41.0,41.0,0.0,0.0,0.0,0.0,0.0,0.0,0.0,0.0,0.0,0.0,0.0,0,0,0,24.0,20.0,24390.2439,24390.2439,2.0,6.0,3.333333333,2.309401077,5.333333333,0.0,0.0,0.0,1.0,0.0,0.0,0,0.0,1.0,5.0,2.0,6.0,24.0,0,0,0,0,0,0,1.0,2.0,1.0,6.0,1024.0,0.0,0.0,24.0,0.0,0.0,0.0,0.0,0.0,0.0,0.0,0.0,PortScan
6788.0,49.0,1.0,1.0,2.0,6.0,2.0,2.0,2.0,0.0,6.0,6.0,6.0,0.0,163265.3061,40816.32653,49.0,0.0,49.0,49.0,0.0,0.0,0.0,0.0,0.0,0.0,0.0,0.0,0.0,0.0,0.0,0,0,0,24.0,20.0,20408.16327,20408.16327,2.0,6.0,3.333333333,2.309401077,5.333333333,0.0,0.0,0.0,1.0,0.0,0.0,0,0.0,1.0,5.0,2.0,6.0,24.0,0,0,0,0,0,0,1.0,2.0,1.0,6.0,1024.0,0.0,0.0,24.0,0.0,0.0,0.0,0.0,0.0,0.0,0.0,0.0,PortScan
1032.0,25.0,1.0,1.0,0.0,6.0,0.0,0.0,0.0,0.0,6.0,6.0,6.0,0.0,240000.0,69867.29117499999,25.0,0.0,25.0,25.0,0.0,0.0,0.0,0.0,0.0,0.0,0.0,0.0,0.0,0.0,0.0,0,0,0,40.0,20.0,34933.645594999995,34933.645594999995,0.0,6.0,2.0,3.464101615,12.0,0.0,0.0,0.0,1.0,0.0,0.0,0,0.0,1.0,3.0,0.0,6.0,40.0,0,0,0,0,0,0,1.0,0.0,1.0,6.0,29200.0,0.0,0.0,40.0,0.0,0.0,0.0,0.0,0.0,0.0,0.0,0.0,PortScan
19041.5,28.0,1.0,1.0,0.0,6.0,0.0,0.0,0.0,0.0,6.0,6.0,6.0,0.0,214285.7143,69867.29117499999,28.0,0.0,28.0,28.0,0.0,0.0,0.0,0.0,0.0,0.0,0.0,0.0,0.0,0.0,0.0,0,0,0,40.0,20.0,34933.645594999995,34933.645594999995,0.0,6.0,2.0,3.464101615,12.0,0.0,0.0,0.0,1.0,0.0,0.0,0,0.0,1.0,3.0,0.0,6.0,40.0,0,0,0,0,0,0,1.0,0.0,1.0,6.0,29200.0,0.0,0.0,40.0,0.0,0.0,0.0,0.0,0.0,0.0,0.0,0.0,PortScan
7920.0,44.0,1.0,1.0,2.0,6.0,2.0,2.0,2.0,0.0,6.0,6.0,6.0,0.0,181818.1818,45454.54545,44.0,0.0,44.0,44.0,0.0,0.0,0.0,0.0,0.0,0.0,0.0,0.0,0.0,0.0,0.0,0,0,0,24.0,20.0,22727.27273,22727.27273,2.0,6.0,3.333333333,2.309401077,5.333333333,0.0,0.0,0.0,1.0,0.0,0.0,0,0.0,1.0,5.0,2.0,6.0,24.0,0,0,0,0,0,0,1.0,2.0,1.0,6.0,1024.0,0.0,0.0,24.0,0.0,0.0,0.0,0.0,0.0,0.0,0.0,0.0,PortScan
22.0,80.0,1.0,1.0,0.0,0.0,0.0,0.0,0.0,0.0,0.0,0.0,0.0,0.0,0.0,25000.0,80.0,0.0,80.0,80.0,0.0,0.0,0.0,0.0,0.0,0.0,0.0,0.0,0.0,0.0,0.0,0,0,0,32.0,32.0,12500.0,12500.0,0.0,0.0,0.0,0.0,0.0,0.0,0.0,0.0,0.0,1.0,1.0,0,0.0,1.0,0.0,0.0,0.0,32.0,0,0,0,0,0,0,1.0,0.0,1.0,0.0,259.0,247.0,0.0,32.0,0.0,0.0,0.0,0.0,0.0,0.0,0.0,0.0,SSH-Patator
22.0,12152396.0,21.0,32.0,2008.0,2745.0,640.0,0.0,95.61904762,140.0451628,976.0,0.0,85.78125,220.240592,391.1162869,4.361279866,233699.9231,633661.5967,2508302.0,4.0,9600231.0,480011.55,846190.5702,2164458.0,490.0,12200000.0,392009.4839,786484.8285,2508302.0,4.0,0.0,0,0,0,680.0,1032.0,1.728054287,2.63322558,0.0,976.0,88.01851852,189.5902723,35944.47135,0.0,0.0,0.0,1.0,0.0,0.0,0,0.0,1.0,89.67924528,95.61904762,85.78125,680.0,0,0,0,0,0,0,21.0,2008.0,32.0,2745.0,29200.0,247.0,16.0,32.0,0.0,0.0,0.0,0.0,0.0,0.0,0.0,0.0,SSH-Patator
22.0,108.0,1.0,1.0,0.0,0.0,0.0,0.0,0.0,0.0,0.0,0.0,0.0,0.0,0.0,18518.51852,108.0,0.0,108.0,108.0,0.0,0.0,0.0,0.0,0.0,0.0,0.0,0.0,0.0,0.0,0.0,0,0,0,32.0,32.0,9259.259259,9259.259259,0.0,0.0,0.0,0.0,0.0,0.0,0.0,0.0,0.0,1.0,1.0,0,0.0,1.0,0.0,0.0,0.0,32.0,0,0,0,0,0,0,1.0,0.0,1.0,0.0,259.0,247.0,0.0,32.0,0.0,0.0,0.0,0.0,0.0,0.0,0.0,0.0,SSH-Patator
22.0,81.0,1.0,1.0,0.0,0.0,0.0,0.0,0.0,0.0,0.0,0.0,0.0,0.0,0.0,24691.35802,81.0,0.0,81.0,81.0,0.0,0.0,0.0,0.0,0.0,0.0,0.0,0.0,0.0,0.0,0.0,0,0,0,32.0,32.0,12345.67901,12345.67901,0.0,0.0,0.0,0.0,0.0,0.0,0.0,0.0,0.0,1.0,1.0,0,0.0,1.0,0.0,0.0,0.0,32.0,0,0,0,0,0,0,1.0,0.0,1.0,0.0,259.0,247.0,0.0,32.0,0.0,0.0,0.0,0.0,0.0,0.0,0.0,0.0,SSH-Patator
22.0,48.0,1.0,1.0,0.0,0.0,0.0,0.0,0.0,0.0,0.0,0.0,0.0,0.0,0.0,41666.66667,48.0,0.0,48.0,48.0,0.0,0.0,0.0,0.0,0.0,0.0,0.0,0.0,0.0,0.0,0.0,0,0,0,32.0,32.0,20833.33333,20833.33333,0.0,0.0,0.0,0.0,0.0,0.0,0.0,0.0,0.0,1.0,1.0,0,0.0,1.0,0.0,0.0,0.0,32.0,0,0,0,0,0,0,1.0,0.0,1.0,0.0,259.0,247.0,0.0,32.0,0.0,0.0,0.0,0.0,0.0,0.0,0.0,0.0,SSH-Patator
22.0,108.0,1.0,1.0,0.0,0.0,0.0,0.0,0.0,0.0,0.0,0.0,0.0,0.0,0.0,18518.51852,108.0,0.0,108.0,108.0,0.0,0.0,0.0,0.0,0.0,0.0,0.0,0.0,0.0,0.0,0.0,0,0,0,32.0,32.0,9259.259259,9259.259259,0.0,0.0,0.0,0.0,0.0,0.0,0.0,0.0,0.0,1.0,1.0,0,0.0,1.0,0.0,0.0,0.0,32.0,0,0,0,0,0,0,1.0,0.0,1.0,0.0,259.0,247.0,0.0,32.0,0.0,0.0,0.0,0.0,0.0,0.0,0.0,0.0,SSH-Patator
22.0,14575177.0,21.0,32.0,2008.0,2745.0,640.0,0.0,95.61904762,140.0451628,976.0,0.0,85.78125,220.240592,326.1023863,3.636319477,280291.8654,762286.2504,2836286.0,4.0,12000000.0,600536.5,1066390.171,2915717.0,204.0,14600000.0,470164.2581,946401.7608,2836286.0,4.0,0.0,0,0,0,680.0,1032.0,1.44080583,2.195513646,0.0,976.0,88.01851852,189.5902723,35944.47135,0.0,0.0,0.0,1.0,0.0,0.0,0,0.0,1.0,89.67924528,95.61904762,85.78125,680.0,0,0,0,0,0,0,21.0,2008.0,32.0,2745.0,29200.0,247.0,16.0,32.0,0.0,0.0,0.0,0.0,0.0,0.0,0.0,0.0,SSH-Patator
22.0,12122561.0,21.0,31.0,2008.0,2745.0,640.0,0.0,95.61904762,140.0451628,976.0,0.0,88.5483871,223.315,392.0788685,4.289522651,237697.2745,638795.3831,2600098.0,3.0,10300000.0,512914.1,915684.8084,2665894.0,385.0,12100000.0,404084.3333,796375.4411,2600098.0,3.0,0.0,0,0,0,680.0,1000.0,1.732307225,2.557215427,0.0,976.0,89.67924528,191.0076291,36483.91437,0.0,0.0,0.0,1.0,0.0,0.0,0,0.0,1.0,91.40384615,95.61904762,88.5483871,680.0,0,0,0,0,0,0,21.0,2008.0,31.0,2745.0,29200.0,247.0,16.0,32.0,0.0,0.0,0.0,0.0,0.0,0.0,0.0,0.0,SSH-Patator
22.0,43.0,1.0,1.0,0.0,0.0,0.0,0.0,0.0,0.0,0.0,0.0,0.0,0.0,0.0,46511.62791,43.0,0.0,43.0,43.0,0.0,0.0,0.0,0.0,0.0,0.0,0.0,0.0,0.0,0.0,0.0,0,0,0,32.0,32.0,23255.81395,23255.81395,0.0,0.0,0.0,0.0,0.0,0.0,0.0,0.0,0.0,1.0,1.0,0,0.0,1.0,0.0,0.0,0.0,32.0,0,0,0,0,0,0,1.0,0.0,1.0,0.0,259.0,247.0,0.0,32.0,0.0,0.0,0.0,0.0,0.0,0.0,0.0,0.0,SSH-Patator
22.0,12842569.0,21.0,32.0,2008.0,2745.0,640.0,0.0,95.61904762,140.0451628,976.0,0.0,85.78125,220.240592,370.0972913,4.126900155,246972.4808,669832.1115,2341443.0,3.0,10500000.0,524009.3,924188.3223,2401288.0,334.0,12800000.0,414272.2258,831401.9154,2341443.0,3.0,0.0,0,0,0,680.0,1032.0,1.635186854,2.491713301,0.0,976.0,88.01851852,189.5902723,35944.47135,0.0,0.0,0.0,1.0,0.0,0.0,0,0.0,1.0,89.67924528,95.61904762,85.78125,680.0,0,0,0,0,0,0,21.0,2008.0,32.0,2745.0,29200.0,247.0,16.0,32.0,0.0,0.0,0.0,0.0,0.0,0.0,0.0,0.0,SSH-Patator
22.0,10990278.0,21.0,32.0,2008.0,2745.0,640.0,0.0,95.61904762,140.0451628,976.0,0.0,85.78125,220.240592,432.4731367,4.822443982,211351.5,565994.6246,1990265.0,3.0,8978910.0,448945.5,788710.9706,2047024.0,455.0,11000000.0,354521.5161,701621.4169,1990265.0,3.0,0.0,0,0,0,680.0,1032.0,1.910779691,2.911664291,0.0,976.0,88.01851852,189.5902723,35944.47135,0.0,0.0,0.0,1.0,0.0,0.0,0,0.0,1.0,89.67924528,95.61904762,85.78125,680.0,0,0,0,0,0,0,21.0,2008.0,32.0,2745.0,29200.0,247.0,16.0,32.0,0.0,0.0,0.0,0.0,0.0,0.0,0.0,0.0,SSH-Patator
22.0,54.0,1.0,1.0,0.0,0.0,0.0,0.0,0.0,0.0,0.0,0.0,0.0,0.0,0.0,37037.03704,54.0,0.0,54.0,54.0,0.0,0.0,0.0,0.0,0.0,0.0,0.0,0.0,0.0,0.0,0.0,0,0,0,32.0,32.0,18518.51852,18518.51852,0.0,0.0,0.0,0.0,0.0,0.0,0.0,0.0,0.0,1.0,1.0,0,0.0,1.0,0.0,0.0,0.0,32.0,0,0,0,0,0,0,1.0,0.0,1.0,0.0,259.0,247.0,0.0,32.0,0.0,0.0,0.0,0.0,0.0,0.0,0.0,0.0,SSH-Patator
22.0,80.0,1.0,1.0,0.0,0.0,0.0,0.0,0.0,0.0,0.0,0.0,0.0,0.0,0.0,25000.0,80.0,0.0,80.0,80.0,0.0,0.0,0.0,0.0,0.0,0.0,0.0,0.0,0.0,0.0,0.0,0,0,0,32.0,32.0,12500.0,12500.0,0.0,0.0,0.0,0.0,0.0,0.0,0.0,0.0,0.0,1.0,1.0,0,0.0,1.0,0.0,0.0,0.0,32.0,0,0,0,0,0,0,1.0,0.0,1.0,0.0,259.0,247.0,0.0,32.0,0.0,0.0,0.0,0.0,0.0,0.0,0.0,0.0,SSH-Patator
22.0,86.0,1.0,1.0,0.0,0.0,0.0,0.0,0.0,0.0,0.0,0.0,0.0,0.0,0.0,23255.81395,86.0,0.0,86.0,86.0,0.0,0.0,0.0,0.0,0.0,0.0,0.0,0.0,0.0,0.0,0.0,0,0,0,32.0,32.0,11627.90698,11627.90698,0.0,0.0,0.0,0.0,0.0,0.0,0.0,0.0,0.0,1.0,1.0,0,0.0,1.0,0.0,0.0,0.0,32.0,0,0,0,0,0,0,1.0,0.0,1.0,0.0,259.0,247.0,0.0,32.0,0.0,0.0,0.0,0.0,0.0,0.0,0.0,0.0,SSH-Patator
22.0,11682904.0,24.0,32.0,2008.0,2745.0,640.0,0.0,83.66666667,134.5286996,976.0,0.0,85.78125,220.240592,406.8337804,4.793328782,212416.4364,586678.3984,2316805.0,27.0,10100000.0,437028.9565,836419.9354,2364531.0,178.0,11700000.0,376863.9677,745470.2501,2316805.0,7.5,0.0,0,0,0,776.0,1032.0,2.054283764,2.739045018,0.0,976.0,83.38596491,185.5048858,34412.06266,0.0,0.0,0.0,1.0,0.0,0.0,0,0.0,1.0,84.875,83.66666667,85.78125,776.0,0,0,0,0,0,0,24.0,2008.0,32.0,2745.0,29200.0,247.0,16.0,32.0,0.0,0.0,0.0,0.0,0.0,0.0,0.0,0.0,SSH-Patator
80.0,5485247.0,3.0,1.0,0.0,0.0,0.0,0.0,0.0,0.0,0.0,0.0,0.0,0.0,0.0,0.729228784,1828415.667,3166209.093,5484439.0,164.0,5485247.0,2742623.5,3877512.666,5484439.0,808.0,0.0,0.0,0.0,0.0,0.0,0.0,0,0,0,104.0,40.0,0.546921588,0.182307196,0.0,0.0,0.0,0.0,0.0,0.0,0.0,0.0,1.0,0.0,0.0,0,0.0,0.0,0.0,0.0,0.0,104.0,0,0,0,0,0,0,3.0,0.0,1.0,0.0,29200.0,28960.0,0.0,32.0,0.0,0.0,0.0,0.0,0.0,0.0,0.0,0.0,Web Attack  Brute Force
80.0,5896858.0,3.0,1.0,0.0,0.0,0.0,0.0,0.0,0.0,0.0,0.0,0.0,0.0,0.0,0.67832734,1965619.333,3403786.999,5895974.0,156.0,5896858.0,2948429.0,4168458.115,5895974.0,884.0,0.0,0.0,0.0,0.0,0.0,0.0,0,0,0,104.0,40.0,0.508745505,0.169581835,0.0,0.0,0.0,0.0,0.0,0.0,0.0,0.0,1.0,0.0,0.0,0,0.0,0.0,0.0,0.0,0.0,104.0,0,0,0,0,0,0,3.0,0.0,1.0,0.0,29200.0,28960.0,0.0,32.0,0.0,0.0,0.0,0.0,0.0,0.0,0.0,0.0,Web Attack  Brute Force
80.0,5838434.0,3.0,1.0,0.0,0.0,0.0,0.0,0.0,0.0,0.0,0.0,0.0,0.0,0.0,0.685115221,1946144.667,3370038.569,5837530.0,143.0,5838434.0,2919217.0,4127117.824,5837530.0,904.0,0.0,0.0,0.0,0.0,0.0,0.0,0,0,0,104.0,40.0,0.513836416,0.171278805,0.0,0.0,0.0,0.0,0.0,0.0,0.0,0.0,1.0,0.0,0.0,0,0.0,0.0,0.0,0.0,0.0,104.0,0,0,0,0,0,0,3.0,0.0,1.0,0.0,29200.0,28960.0,0.0,32.0,0.0,0.0,0.0,0.0,0.0,0.0,0.0,0.0,Web Attack  Brute Force
80.0,4193860.0,3.0,1.0,0.0,0.0,0.0,0.0,0.0,0.0,0.0,0.0,0.0,0.0,0.0,0.9334339102500002,1340843.8335,2321500.5555000007,4021481.75,66.0,4096092.75,2011265.75,2842874.731,4021481.75,412.0,0.0,0.0,0.0,0.0,0.0,0.0,0,0,0,104.0,40.0,0.6898607697499998,0.233358477,0.0,0.0,0.0,0.0,0.0,0.0,0.0,0.0,1.0,0.0,0.0,0,0.0,0.0,0.0,0.0,0.0,104.0,0,0,0,0,0,0,3.0,0.0,1.0,0.0,29200.0,28960.0,0.0,32.0,0.0,0.0,0.0,0.0,0.0,0.0,0.0,0.0,Web Attack  Brute Force
80.0,5138856.0,3.0,1.0,0.0,0.0,0.0,0.0,0.0,0.0,0.0,0.0,0.0,0.0,0.0,0.77838336,1712952.0,2965936.129,5137720.0,87.0,5138856.0,2569428.0,3632113.379,5137720.0,1136.0,0.0,0.0,0.0,0.0,0.0,0.0,0,0,0,104.0,40.0,0.58378752,0.19459584,0.0,0.0,0.0,0.0,0.0,0.0,0.0,0.0,1.0,0.0,0.0,0,0.0,0.0,0.0,0.0,0.0,104.0,0,0,0,0,0,0,3.0,0.0,1.0,0.0,29200.0,28960.0,0.0,32.0,0.0,0.0,0.0,0.0,0.0,0.0,0.0,0.0,Web Attack  Brute Force
80.0,5072515.0,3.0,1.0,0.0,0.0,0.0,0.0,0.0,0.0,0.0,0.0,0.0,0.0,0.0,0.788563464,1690838.333,2927838.495,5071615.0,130.0,5072515.0,2536257.5,3585536.962,5071615.0,900.0,0.0,0.0,0.0,0.0,0.0,0.0,0,0,0,104.0,40.0,0.591422598,0.197140866,0.0,0.0,0.0,0.0,0.0,0.0,0.0,0.0,1.0,0.0,0.0,0,0.0,0.0,0.0,0.0,0.0,104.0,0,0,0,0,0,0,3.0,0.0,1.0,0.0,29200.0,28960.0,0.0,32.0,0.0,0.0,0.0,0.0,0.0,0.0,0.0,0.0,Web Attack  Brute Force
80.0,5915119.0,3.0,1.0,0.0,0.0,0.0,0.0,0.0,0.0,0.0,0.0,0.0,0.0,0.0,0.676233225,1971706.333,3414342.122,5914249.0,97.0,5915119.0,2957559.5,4181390.391,5914249.0,870.0,0.0,0.0,0.0,0.0,0.0,0.0,0,0,0,104.0,40.0,0.507174919,0.169058306,0.0,0.0,0.0,0.0,0.0,0.0,0.0,0.0,1.0,0.0,0.0,0,0.0,0.0,0.0,0.0,0.0,104.0,0,0,0,0,0,0,3.0,0.0,1.0,0.0,29200.0,28960.0,0.0,32.0,0.0,0.0,0.0,0.0,0.0,0.0,0.0,0.0,Web Attack  Brute Force
80.0,5150967.0,3.0,1.0,0.0,0.0,0.0,0.0,0.0,0.0,0.0,0.0,0.0,0.0,0.0,0.776553218,1716989.0,2973300.78,5150261.0,106.0,5150967.0,2575483.5,3641285.261,5150261.0,706.0,0.0,0.0,0.0,0.0,0.0,0.0,0,0,0,104.0,40.0,0.582414914,0.194138305,0.0,0.0,0.0,0.0,0.0,0.0,0.0,0.0,1.0,0.0,0.0,0,0.0,0.0,0.0,0.0,0.0,104.0,0,0,0,0,0,0,3.0,0.0,1.0,0.0,29200.0,28960.0,0.0,32.0,0.0,0.0,0.0,0.0,0.0,0.0,0.0,0.0,Web Attack  Brute Force
80.0,4193860.0,3.0,1.0,0.0,0.0,0.0,0.0,0.0,0.0,0.0,0.0,0.0,0.0,0.0,0.9334339102500002,1340843.8335,2321500.5555000007,4021481.75,44.0,4096092.75,2011265.75,2842874.731,4021481.75,412.0,0.0,0.0,0.0,0.0,0.0,0.0,0,0,0,104.0,40.0,0.6898607697499998,0.233358477,0.0,0.0,0.0,0.0,0.0,0.0,0.0,0.0,1.0,0.0,0.0,0,0.0,0.0,0.0,0.0,0.0,104.0,0,0,0,0,0,0,3.0,0.0,1.0,0.0,29200.0,28960.0,0.0,32.0,0.0,0.0,0.0,0.0,0.0,0.0,0.0,0.0,Web Attack  Brute Force
80.0,5982401.0,3.0,1.0,0.0,0.0,0.0,0.0,0.0,0.0,0.0,0.0,0.0,0.0,0.0,0.668627864,1994133.667,3453338.95,5981706.0,92.0,5982401.0,2991200.5,4229213.436,5981706.0,695.0,0.0,0.0,0.0,0.0,0.0,0.0,0,0,0,104.0,40.0,0.501470898,0.167156966,0.0,0.0,0.0,0.0,0.0,0.0,0.0,0.0,1.0,0.0,0.0,0,0.0,0.0,0.0,0.0,0.0,104.0,0,0,0,0,0,0,3.0,0.0,1.0,0.0,29200.0,28960.0,0.0,32.0,0.0,0.0,0.0,0.0,0.0,0.0,0.0,0.0,Web Attack  Brute Force
80.0,5948346.0,3.0,1.0,0.0,0.0,0.0,0.0,0.0,0.0,0.0,0.0,0.0,0.0,0.0,0.672455839,1982782.0,3433481.571,5947425.0,124.0,5948346.0,2974173.0,4204813.303,5947425.0,921.0,0.0,0.0,0.0,0.0,0.0,0.0,0,0,0,104.0,40.0,0.504341879,0.16811396,0.0,0.0,0.0,0.0,0.0,0.0,0.0,0.0,1.0,0.0,0.0,0,0.0,0.0,0.0,0.0,0.0,104.0,0,0,0,0,0,0,3.0,0.0,1.0,0.0,29200.0,28960.0,0.0,32.0,0.0,0.0,0.0,0.0,0.0,0.0,0.0,0.0,Web Attack  Brute Force
80.0,5729684.0,3.0,1.0,0.0,0.0,0.0,0.0,0.0,0.0,0.0,0.0,0.0,0.0,0.0,0.698118779,1909894.667,3307258.657,5728788.0,119.0,5729684.0,2864842.0,4050231.275,5728788.0,896.0,0.0,0.0,0.0,0.0,0.0,0.0,0,0,0,104.0,40.0,0.523589084,0.174529695,0.0,0.0,0.0,0.0,0.0,0.0,0.0,0.0,1.0,0.0,0.0,0,0.0,0.0,0.0,0.0,0.0,104.0,0,0,0,0,0,0,3.0,0.0,1.0,0.0,29200.0,28960.0,0.0,32.0,0.0,0.0,0.0,0.0,0.0,0.0,0.0,0.0,Web Attack  Brute Force
80.0,5263155.0,3.0,1.0,0.0,0.0,0.0,0.0,0.0,0.0,0.0,0.0,0.0,0.0,0.0,0.760000418,1754385.0,3037908.881,5262260.0,123.0,5263155.0,2631577.5,3720346.87,5262260.0,895.0,0.0,0.0,0.0,0.0,0.0,0.0,0,0,0,104.0,40.0,0.570000314,0.190000105,0.0,0.0,0.0,0.0,0.0,0.0,0.0,0.0,1.0,0.0,0.0,0,0.0,0.0,0.0,0.0,0.0,104.0,0,0,0,0,0,0,3.0,0.0,1.0,0.0,29200.0,28960.0,0.0,32.0,0.0,0.0,0.0,0.0,0.0,0.0,0.0,0.0,Web Attack  Brute Force
80.0,5837987.0,3.0,1.0,0.0,0.0,0.0,0.0,0.0,0.0,0.0,0.0,0.0,0.0,0.0,0.685167679,1945995.667,3369777.894,5837080.0,160.0,5837987.0,2918993.5,4126797.504,5837080.0,907.0,0.0,0.0,0.0,0.0,0.0,0.0,0,0,0,104.0,40.0,0.513875759,0.17129192,0.0,0.0,0.0,0.0,0.0,0.0,0.0,0.0,1.0,0.0,0.0,0,0.0,0.0,0.0,0.0,0.0,104.0,0,0,0,0,0,0,3.0,0.0,1.0,0.0,29200.0,28960.0,0.0,32.0,0.0,0.0,0.0,0.0,0.0,0.0,0.0,0.0,Web Attack  Brute Force
80.0,5452764.0,3.0,1.0,0.0,0.0,0.0,0.0,0.0,0.0,0.0,0.0,0.0,0.0,0.0,0.733572918,1817588.0,3147392.676,5451884.0,127.0,5452764.0,2726382.0,3854441.893,5451884.0,880.0,0.0,0.0,0.0,0.0,0.0,0.0,0,0,0,104.0,40.0,0.550179689,0.18339323,0.0,0.0,0.0,0.0,0.0,0.0,0.0,0.0,1.0,0.0,0.0,0,0.0,0.0,0.0,0.0,0.0,104.0,0,0,0,0,0,0,3.0,0.0,1.0,0.0,29200.0,28960.0,0.0,32.0,0.0,0.0,0.0,0.0,0.0,0.0,0.0,0.0,Web Attack  Brute Force
80.0,5009673.0,4.0,4.0,536.0,1840.0,536.0,0.0,134.0,268.0,1840.0,0.0,460.0,920.0,474.2824532,1.596910617,715667.5714,1891177.443,5004454.0,48.0,5219.0,1739.666667,2216.452421,4249.0,10.0,5009544.0,1669848.0,2888460.886,5005155.0,889.0,0.0,0,0,0,136.0,136.0,0.798455308,0.798455308,0.0,1840.0,264.0,617.0121555,380704.0,0.0,0.0,0.0,1.0,0.0,0.0,0,0.0,1.0,297.0,134.0,460.0,136.0,0,0,0,0,0,0,4.0,536.0,4.0,1840.0,29200.0,235.0,1.0,32.0,0.0,0.0,0.0,0.0,0.0,0.0,0.0,0.0,Web Attack  Sql Injection
80.0,109.0,1.0,1.0,0.0,0.0,0.0,0.0,0.0,0.0,0.0,0.0,0.0,0.0,0.0,18348.62385,109.0,0.0,109.0,109.0,0.0,0.0,0.0,0.0,0.0,0.0,0.0,0.0,0.0,0.0,0.0,0,0,0,32.0,32.0,9174.311927,9174.311927,0.0,0.0,0.0,0.0,0.0,0.0,0.0,0.0,0.0,1.0,1.0,0,0.0,1.0,0.0,0.0,0.0,32.0,0,0,0,0,0,0,1.0,0.0,1.0,0.0,260.0,236.0,0.0,32.0,0.0,0.0,0.0,0.0,0.0,0.0,0.0,0.0,Web Attack  Sql Injection
80.0,48.0,1.0,1.0,0.0,0.0,0.0,0.0,0.0,0.0,0.0,0.0,0.0,0.0,0.0,41666.66667,48.0,0.0,48.0,48.0,0.0,0.0,0.0,0.0,0.0,0.0,0.0,0.0,0.0,0.0,0.0,0,0,0,32.0,32.0,20833.33333,20833.33333,0.0,0.0,0.0,0.0,0.0,0.0,0.0,0.0,0.0,1.0,1.0,0,0.0,1.0,0.0,0.0,0.0,32.0,0,0,0,0,0,0,1.0,0.0,1.0,0.0,296.0,236.0,0.0,32.0,0.0,0.0,0.0,0.0,0.0,0.0,0.0,0.0,Web Attack  Sql Injection
80.0,5086516.0,5.0,4.0,600.0,4149.0,600.0,0.0,120.0,268.3281573,4149.0,0.0,1037.25,2074.5,933.6449546,1.769383995,635814.5,1765197.44,5003905.0,4.0,82611.0,20652.75,40435.10527,81303.0,4.0,5086374.0,1695458.0,2866512.802,5005103.0,847.0,0.0,0,0,0,168.0,136.0,0.982991108,0.786392887,0.0,4149.0,474.9,1304.645584,1150165.90275,0.0,0.0,0.0,1.0,0.0,0.0,0,0.0,1.0,527.6666667,120.0,1037.25,168.0,0,0,0,0,0,0,5.0,600.0,4.0,4149.0,29200.0,236.0,1.0,32.0,0.0,0.0,0.0,0.0,0.0,0.0,0.0,0.0,Web Attack  Sql Injection
80.0,5199731.0,3.0,1.0,0.0,0.0,0.0,0.0,0.0,0.0,0.0,0.0,0.0,0.0,0.0,0.769270564,1733243.667,3001305.739,5198853.0,123.0,5199731.0,2599865.5,3675523.371,5198853.0,878.0,0.0,0.0,0.0,0.0,0.0,0.0,0,0,0,104.0,40.0,0.576952923,0.192317641,0.0,0.0,0.0,0.0,0.0,0.0,0.0,0.0,1.0,0.0,0.0,0,0.0,0.0,0.0,0.0,0.0,104.0,0,0,0,0,0,0,3.0,0.0,1.0,0.0,29200.0,28960.0,0.0,32.0,0.0,0.0,0.0,0.0,0.0,0.0,0.0,0.0,Web Attack  XSS
80.0,5165397.0,3.0,1.0,0.0,0.0,0.0,0.0,0.0,0.0,0.0,0.0,0.0,0.0,0.0,0.774383847,1721799.0,2981653.593,5164716.0,125.0,5165397.0,2582698.5,3651524.167,5164716.0,681.0,0.0,0.0,0.0,0.0,0.0,0.0,0,0,0,104.0,40.0,0.580787885,0.193595962,0.0,0.0,0.0,0.0,0.0,0.0,0.0,0.0,1.0,0.0,0.0,0,0.0,0.0,0.0,0.0,0.0,104.0,0,0,0,0,0,0,3.0,0.0,1.0,0.0,29200.0,28960.0,0.0,32.0,0.0,0.0,0.0,0.0,0.0,0.0,0.0,0.0,Web Attack  XSS
80.0,5468902.0,3.0,1.0,0.0,0.0,0.0,0.0,0.0,0.0,0.0,0.0,0.0,0.0,0.0,0.731408242,1822967.333,3156711.687,5468024.0,128.0,5468902.0,2734451.0,3865856.01,5468024.0,878.0,0.0,0.0,0.0,0.0,0.0,0.0,0,0,0,104.0,40.0,0.548556182,0.182852061,0.0,0.0,0.0,0.0,0.0,0.0,0.0,0.0,1.0,0.0,0.0,0,0.0,0.0,0.0,0.0,0.0,104.0,0,0,0,0,0,0,3.0,0.0,1.0,0.0,29200.0,28960.0,0.0,32.0,0.0,0.0,0.0,0.0,0.0,0.0,0.0,0.0,Web Attack  XSS
80.0,5735305.0,3.0,1.0,0.0,0.0,0.0,0.0,0.0,0.0,0.0,0.0,0.0,0.0,0.0,0.697434574,1911768.333,3310686.663,5734620.0,158.0,5735305.0,2867652.5,4054504.321,5734620.0,685.0,0.0,0.0,0.0,0.0,0.0,0.0,0,0,0,104.0,40.0,0.523075931,0.174358644,0.0,0.0,0.0,0.0,0.0,0.0,0.0,0.0,1.0,0.0,0.0,0,0.0,0.0,0.0,0.0,0.0,104.0,0,0,0,0,0,0,3.0,0.0,1.0,0.0,29200.0,28960.0,0.0,32.0,0.0,0.0,0.0,0.0,0.0,0.0,0.0,0.0,Web Attack  XSS
80.0,5372096.0,3.0,1.0,0.0,0.0,0.0,0.0,0.0,0.0,0.0,0.0,0.0,0.0,0.0,0.744588332,1790698.667,3100803.396,5371198.0,142.0,5372096.0,2686048.0,3797375.547,5371198.0,898.0,0.0,0.0,0.0,0.0,0.0,0.0,0,0,0,104.0,40.0,0.558441249,0.186147083,0.0,0.0,0.0,0.0,0.0,0.0,0.0,0.0,1.0,0.0,0.0,0,0.0,0.0,0.0,0.0,0.0,104.0,0,0,0,0,0,0,3.0,0.0,1.0,0.0,29200.0,28960.0,0.0,32.0,0.0,0.0,0.0,0.0,0.0,0.0,0.0,0.0,Web Attack  XSS
80.0,5472760.0,3.0,1.0,0.0,0.0,0.0,0.0,0.0,0.0,0.0,0.0,0.0,0.0,0.0,0.730892639,1824253.333,3159077.663,5472042.0,105.0,5472760.0,2736380.0,3868810.302,5472042.0,718.0,0.0,0.0,0.0,0.0,0.0,0.0,0,0,0,104.0,40.0,0.548169479,0.18272316,0.0,0.0,0.0,0.0,0.0,0.0,0.0,0.0,1.0,0.0,0.0,0,0.0,0.0,0.0,0.0,0.0,104.0,0,0,0,0,0,0,3.0,0.0,1.0,0.0,29200.0,28960.0,0.0,32.0,0.0,0.0,0.0,0.0,0.0,0.0,0.0,0.0,Web Attack  XSS
80.0,5129471.0,3.0,1.0,0.0,0.0,0.0,0.0,0.0,0.0,0.0,0.0,0.0,0.0,0.0,0.779807508,1709823.667,2960765.353,5128621.0,161.0,5129471.0,2564735.5,3625881.646,5128621.0,850.0,0.0,0.0,0.0,0.0,0.0,0.0,0,0,0,104.0,40.0,0.584855631,0.194951877,0.0,0.0,0.0,0.0,0.0,0.0,0.0,0.0,1.0,0.0,0.0,0,0.0,0.0,0.0,0.0,0.0,104.0,0,0,0,0,0,0,3.0,0.0,1.0,0.0,29200.0,28960.0,0.0,32.0,0.0,0.0,0.0,0.0,0.0,0.0,0.0,0.0,Web Attack  XSS
80.0,5505881.0,3.0,1.0,0.0,0.0,0.0,0.0,0.0,0.0,0.0,0.0,0.0,0.0,0.0,0.726495905,1835293.667,3177941.156,5504864.0,100.0,5505881.0,2752940.5,3891807.536,5504864.0,1017.0,0.0,0.0,0.0,0.0,0.0,0.0,0,0,0,104.0,40.0,0.544871929,0.181623976,0.0,0.0,0.0,0.0,0.0,0.0,0.0,0.0,1.0,0.0,0.0,0,0.0,0.0,0.0,0.0,0.0,104.0,0,0,0,0,0,0,3.0,0.0,1.0,0.0,29200.0,28960.0,0.0,32.0,0.0,0.0,0.0,0.0,0.0,0.0,0.0,0.0,Web Attack  XSS
80.0,5145737.0,3.0,1.0,0.0,0.0,0.0,0.0,0.0,0.0,0.0,0.0,0.0,0.0,0.0,0.777342488,1715245.667,2970164.33,5144896.0,123.0,5145737.0,2572868.5,3637396.173,5144896.0,841.0,0.0,0.0,0.0,0.0,0.0,0.0,0,0,0,104.0,40.0,0.583006866,0.194335622,0.0,0.0,0.0,0.0,0.0,0.0,0.0,0.0,1.0,0.0,0.0,0,0.0,0.0,0.0,0.0,0.0,104.0,0,0,0,0,0,0,3.0,0.0,1.0,0.0,29200.0,28960.0,0.0,32.0,0.0,0.0,0.0,0.0,0.0,0.0,0.0,0.0,Web Attack  XSS
80.0,5175767.0,3.0,1.0,0.0,0.0,0.0,0.0,0.0,0.0,0.0,0.0,0.0,0.0,0.0,0.772832316,1725255.667,2987495.23,5174918.0,123.0,5175767.0,2587883.5,3658619.276,5174918.0,849.0,0.0,0.0,0.0,0.0,0.0,0.0,0,0,0,104.0,40.0,0.579624237,0.193208079,0.0,0.0,0.0,0.0,0.0,0.0,0.0,0.0,1.0,0.0,0.0,0,0.0,0.0,0.0,0.0,0.0,104.0,0,0,0,0,0,0,3.0,0.0,1.0,0.0,29200.0,28960.0,0.0,32.0,0.0,0.0,0.0,0.0,0.0,0.0,0.0,0.0,Web Attack  XSS
80.0,5695818.0,3.0,1.0,0.0,0.0,0.0,0.0,0.0,0.0,0.0,0.0,0.0,0.0,0.0,0.70226963,1898606.0,3287597.0,5694796.0,124.0,5695818.0,2847909.0,4026106.206,5694796.0,1022.0,0.0,0.0,0.0,0.0,0.0,0.0,0,0,0,104.0,40.0,0.526702223,0.175567408,0.0,0.0,0.0,0.0,0.0,0.0,0.0,0.0,1.0,0.0,0.0,0,0.0,0.0,0.0,0.0,0.0,104.0,0,0,0,0,0,0,3.0,0.0,1.0,0.0,29200.0,28960.0,0.0,32.0,0.0,0.0,0.0,0.0,0.0,0.0,0.0,0.0,Web Attack  XSS
80.0,5428232.0,3.0,1.0,0.0,0.0,0.0,0.0,0.0,0.0,0.0,0.0,0.0,0.0,0.0,0.73688818,1809410.667,3133220.46,5427342.0,126.0,5428232.0,2714116.0,3837081.007,5427342.0,890.0,0.0,0.0,0.0,0.0,0.0,0.0,0,0,0,104.0,40.0,0.552666135,0.184222045,0.0,0.0,0.0,0.0,0.0,0.0,0.0,0.0,1.0,0.0,0.0,0,0.0,0.0,0.0,0.0,0.0,104.0,0,0,0,0,0,0,3.0,0.0,1.0,0.0,29200.0,28960.0,0.0,32.0,0.0,0.0,0.0,0.0,0.0,0.0,0.0,0.0,Web Attack  XSS
80.0,5198708.0,3.0,1.0,0.0,0.0,0.0,0.0,0.0,0.0,0.0,0.0,0.0,0.0,0.0,0.769421941,1732902.667,3000878.781,5198019.0,109.0,5198708.0,2599354.0,3675067.287,5198019.0,689.0,0.0,0.0,0.0,0.0,0.0,0.0,0,0,0,104.0,40.0,0.577066456,0.192355485,0.0,0.0,0.0,0.0,0.0,0.0,0.0,0.0,1.0,0.0,0.0,0,0.0,0.0,0.0,0.0,0.0,104.0,0,0,0,0,0,0,3.0,0.0,1.0,0.0,29200.0,28960.0,0.0,32.0,0.0,0.0,0.0,0.0,0.0,0.0,0.0,0.0,Web Attack  XSS
80.0,5229561.0,3.0,1.0,0.0,0.0,0.0,0.0,0.0,0.0,0.0,0.0,0.0,0.0,0.0,0.764882559,1743187.0,3018516.839,5228670.0,127.0,5229561.0,2614780.5,3696597.981,5228670.0,891.0,0.0,0.0,0.0,0.0,0.0,0.0,0,0,0,104.0,40.0,0.573661919,0.19122064,0.0,0.0,0.0,0.0,0.0,0.0,0.0,0.0,1.0,0.0,0.0,0,0.0,0.0,0.0,0.0,0.0,104.0,0,0,0,0,0,0,3.0,0.0,1.0,0.0,29200.0,28960.0,0.0,32.0,0.0,0.0,0.0,0.0,0.0,0.0,0.0,0.0,Web Attack  XSS
80.0,5337354.0,3.0,1.0,0.0,0.0,0.0,0.0,0.0,0.0,0.0,0.0,0.0,0.0,0.0,0.74943502,1779118.0,3080919.156,5336657.0,133.0,5337354.0,2668677.0,3773093.5,5336657.0,697.0,0.0,0.0,0.0,0.0,0.0,0.0,0,0,0,104.0,40.0,0.562076265,0.187358755,0.0,0.0,0.0,0.0,0.0,0.0,0.0,0.0,1.0,0.0,0.0,0,0.0,0.0,0.0,0.0,0.0,104.0,0,0,0,0,0,0,3.0,0.0,1.0,0.0,29200.0,28960.0,0.0,32.0,0.0,0.0,0.0,0.0,0.0,0.0,0.0,0.0,Web Attack  XSS
